/*
SQLyog Ultimate v10.00 Beta1
MySQL - 5.5.5-10.0.17-MariaDB : Database - project
*********************************************************************
*/

/*!40101 SET NAMES utf8 */;

/*!40101 SET SQL_MODE=''*/;

/*!40014 SET @OLD_UNIQUE_CHECKS=@@UNIQUE_CHECKS, UNIQUE_CHECKS=0 */;
/*!40014 SET @OLD_FOREIGN_KEY_CHECKS=@@FOREIGN_KEY_CHECKS, FOREIGN_KEY_CHECKS=0 */;
/*!40101 SET @OLD_SQL_MODE=@@SQL_MODE, SQL_MODE='NO_AUTO_VALUE_ON_ZERO' */;
/*!40111 SET @OLD_SQL_NOTES=@@SQL_NOTES, SQL_NOTES=0 */;
CREATE DATABASE /*!32312 IF NOT EXISTS*/`project` /*!40100 DEFAULT CHARACTER SET latin1 */;

USE `project`;

/*Table structure for table `addhotel` */

DROP TABLE IF EXISTS `addhotel`;

CREATE TABLE `addhotel` (
  `hotelid` int(150) NOT NULL AUTO_INCREMENT,
  `hotelname` varchar(250) DEFAULT NULL,
  `hoteladdress` varchar(250) DEFAULT NULL,
  `hotelphoneno` varchar(250) DEFAULT NULL,
  `hotelimg` longblob,
  `hotelemail` varchar(250) DEFAULT NULL,
  `services` varchar(250) DEFAULT NULL,
  `paymentmethod` varchar(250) DEFAULT NULL,
  `hoteltimefrm` varchar(250) DEFAULT NULL,
  `hoteltimeto` varchar(250) DEFAULT NULL,
  `hoteldays` varchar(250) DEFAULT NULL,
  `regid` int(150) DEFAULT NULL,
  PRIMARY KEY (`hotelid`),
  KEY `regid` (`regid`),
  CONSTRAINT `addhotel_ibfk_1` FOREIGN KEY (`regid`) REFERENCES `registration` (`regid`)
) ENGINE=InnoDB AUTO_INCREMENT=21 DEFAULT CHARSET=latin1;

/*Data for the table `addhotel` */

insert  into `addhotel`(`hotelid`,`hotelname`,`hoteladdress`,`hotelphoneno`,`hotelimg`,`hotelemail`,`services`,`paymentmethod`,`hoteltimefrm`,`hoteltimeto`,`hoteldays`,`regid`) values (16,'Parvati Hotel','Near axis bank,wakad','02164-21234','\0JFIF\0\0H\0H\0\0\0C\0\n\n\n\r\r\0C		\r\r\0\0\0\0\0\0\0\0\0\0\0\0	\0\n\0P\0\n\0!1A\"Qa2q#BRbr$3457s	6CtScu%D\0\0\0\0\0\0\0\0\0\0\0\0\0A\0\0\0!1AQa\"q2#3B4R$rCb5\0\0\0?\0ٷ\"f\\A~i*~2Yq$UF~\\:l%fTܓ>+JRAV\0l}T,-2M#dg&;QԷR7_ϥAG]ˢ9X,HHpu0;)Nr \Z+ Ue6\0u6&Mt.w11[U4T)R,}-YEĸhң|-u9MF6m-mU\r\r!@n;\\V,y#XmImf^ʇF+f\"H*dCqi,e\0	\nPz6˲**FYf6ܢQܖ\n;eioE=iuBykLː̶pHZwH<b{	!*2#eSi\nPU,vȀtk_ԫHnLw1@yéGR;t7P0,me#\ZDD<tD$29_RZ]PF޽ʲ:RnQ&zP-qc¢?m	m6(oD\0JC,ƋjKSfҁLtItOK4lӹh/1	d,gڮcyn[OM)L8m4C6h۵K,};&BS\"9K$Dyu:+~;ߝ/RoJ=l(JPwz\'#ɧN\\itw\r8{{bqSHaky$Ф+Ptr>rd6hxk?13\r=Gj}O.TRq{+N*duN\\yҡsdAm2 	mzAHK̼Ӝ*צ.vm$ Џ\0(\nER@Bd.:Jt˛$6\0mIY=\0h[ []0nNӊԤ5H;X|qN|$wYvfG\0&bw\ZǡA,Mq@yކfeXurI}Y#Dǎ՛@-9%cmqExпDB?Ngհ[/5>Rڟq%-.\'èԲ}7Ú\\#	ŀnDZn<13,Jm[z[))HeJ;hEO}񬆖(?oQ$Y	T?yQ*%\0vd[o\rP4ꣵn;2K$\\%e[qvP?[:\nDO/H=GKR٣T\096\\ѲdˆSPVG\r؄3̧<˺yi3dU4ĕ9)g~1ˇtA\"\\Y9gxpT*MH\0I?x6 qqZdʞYRKْF#_6	.*K-1gX$ztVJu	l&sqdd7rNqrnȞSWBRJԤ==>oZ\'Շ2܄\"d-cROUzY6= p\\s#x*(0jוY((6aah௧3zK\\FK!sHz־6 !w9rJ;XYS^kM6T{e$<E*zm`֕c1zYK-1>\rNa?c`͗%6,)M֠-Ɗjx$g⨖൩^r	4W>ɲ3S`۱1+v\0	slmk!-itjjOK*BSۨG6iVVZh>[:T&f>lwR:\0|VMi=6	]3#d*\")WyJ~*֦UAclNO%mMl4E#0E|;\0ں2mUh`o)Ԏᨌ\0{,re]MFI΅MJj)`|$e!B{,QU;9VI#8aEӍsj9k:$[Tvj\'5%ae|Wf8qu)^W$pV\0\'Ʃ{fbK\rقAO\"RTM82]!62`f^BfTZP	K	*c)\r~}.2O/\0tddrGl{]fh~-IBM,un2_MlAJXsKINn4\\ücȬ##8\0u żF:9%In%LC\r^V FN:&ԲFbQ\0:N7hZ7hlh^c$icU(.,Y2Hn0,;Ģ#]\0Ιj\ZΒH4:S>	MBt~-=ơf/RO1^tǠ\rP8w9eRz%Hr$;8d%tI iQ\"M5V[Rפ m~؃;&5*jo/R)RI*vQ=S:c)I4Q歸.I?I﫞b4$dq\\QXթe\"$ƚ,XwRI!qp6chYS5BT0susrRG-jW2 $h$t|hiY{Y%>ֺ.S\rkmO.]#ID\' Y$mvjlfzh4X}w!#!i0GڭIGS6\Z^cYS_\ZFSj(X:axn		5c㕤9l t[\rIR{U(oτEjg[=QWMM(toQxO]U7MCCu\nZz\np~b	0H\0-c1he	%MS4-ԥ\nWp\'{\"h\Z1A(b;ۡ\';S0$ʭJlt(ĤW0-F*js\0V\'vꭘsVcn>^9jrKS6uUa%S:jJQӪI/Ą5H!´Q\"\nkH\0ȧ,lVp8[Dlϕv+*pZI\0 [DzrțCU]%fW;:u!εk:tq@pʚnY8rw*\03vB~+eZ\\`-तl\"=ԒADɩfYc?ȫBQncjA\nA\Z?<\"ĝx79||FӸyQGC݊[v)R87iEMg݊YKR\0umM\04Dd(5Nf`ˌɌTnLc*@TY,Rz)}/b0;{sfjgx毳e4Rޖ\'m-v6M- /h-BP!֪zTb;Yf2-F#{^%Ik4t>XXi{1+x̾{^F|LuCRYN/Hu>aasrNӠI|%eKP	O6rmt*Oy[)_RH[]>);18xif*<ee9뎏\nZ\n\'䑤|ݤ@<QCU1e\'\nHr\nh\n-rb)̭+!AƍoNi9\n%gjD*6vbocm![oeD\nf3)W,JUѪIw>Dʹ+\re-M`{n.\r80P\"OB莤	*lR	łd ??4Ԓnuu\'#%.\rCTm@u)2Z~`MO)_<8_b2EX	V2RH%Ք3&(C@_?hS%?Dzɬ9?3FZ	s?i@?sy\"q<\'uzgMF*U@KR4Ps#FsOkc3{:qky#N&O	TnLIy		y\0\n ǽ~!ٱqг\"ph(tjB#U,8\nS77ECg9:t)pz,j0B\0lH76qI\0#6#j	b\n2C+-\0>ZƧk\'FȔzpĊJ5YB*ݒPp;k΀Nr\rLJ&3O)\0s?\'Q,M:|-B-dħc$u*Xq/P%ԈN(]e.${1fx\rw]|Q	[:)9f_x:	MS<jr+zP:4P1ѹۭKR}ZQ$v%JԷ{oAƟ\rwn͉@mp#<8[SJdI.n	_km0qV6ȧZқ}<D?(,DV-+Dq\Zv^X;*\\\rYg5ٚ߂koLHi$JZ@EF扏׊2)Kp:iu`Q\n`BHn\n_RB6+&o$_\'B\nڞحwLD}$8Z[Tز\Zo{vbHnnڥظ4lRV[qaA%*uI.Rƛn2rRFWuZl0]TEP*֨Xx)]\n􎾊l)$(+l^%dD;tgULt<ڒxCTӪ̜>T9qI2ѱ+](~M\nD\n%\'B+j[xuo/dߟeBM@[\'6c,ԛA rP{V5jjd@pf<|vş.pںqO#g&=K?.+&cm<*]YW	tXH6K<|.w\"#39w.KȉԘ%VTD/+}WvomDTW44gC`JA_-G\rઉ+RpOyclxnRM2\\4G( %p%IQWdLЃsx	-\"<\07(<7o㪨=je9QH!h=A\0GDsuXg97F@ïRTDpT>%t`o\\\rJ)R7n\0ZO#9Ъ;@څ8e;\'4T)La~96O&1ᬱGSb>P̑wN\0*Ǯ7^ngf豱\nmS	AM(e0[[j:(9R\ZK~CdH%K\'/	[Tխo46#Y%vCd8*YƮڜ%\"Wv+\0GM|m8Ngb\r5?T9	!ψ4O\\\"3Ȁsdetjlhf;!*n=0=Tϐa^m^QcNZ)>xRa9p!3Z%՚C&z^U,IHWMǥֳ[gq\'=ϒ%o/*.l\"Y{أФYU<ޞyGH*6/c\Zy_THb!\"	R_P\ZbG?a8qۊ?6xqbaq:!e$>G:0LƸqZ\nRw-qyµ=>&C\Z*\0iـj:Ӻ::9\Z,rS)1i@t9htXxUbJj\'o,ll42Jxs}m`kqتy	1Eb\rtcN8qKڃ5g苆t{[Ȩaa4fxwSK0r	=Q@.+MӃ!lF۬W#ȝW`S\Zf6ڨ@!ծ̮iݭiOqߠ@dWS*n.{\n}; %j(rv\0۠wTq\nlY)gQN$:\\L49- +PJZMSrmuoe\\~mʞ\Z]qlĄCnMPi,RPZ\\A	Û@U_\nv5snDJθ3K̨OC-&\n+BN>\'B8L2.\"CX[ƈ6b,RW(qnE2sZVNkFǊsN*(kݏόm_	#vf+H୨&iM<ޤ((#gV9Hi[SG~jf\0,E5)*Ge;jWm)OUb-5Rx\0\0.F-w7qY΁5^k!\'ū*\0qyr<.nZkb-0E+oE[mצ	4ΪuFX循|OXSh|صG-6]pQ$|aju^_ҜS=^_%m)<]\\Nj\0XҰ$49\"|qFɜsNOee!K;RIYk H .o\nEMX09sAbO8x-,/&%Vqr >_Oɛxe|5!g>ytHTVhRGtG3KAyذBjq%0j֛lw\ZEGS#kE,vy^1jAhu+k+Ќ:۷.y i$8=3\\КZU9.שaRP*I\0\nRN$-&o*X.A\0y>+ҵkA܏^$hf:%*+6z%6*=ӽl^pygqm﷗47<ג%Go+.͵EgJ;=v\"A?cGÉt>	aeܟļ%:%lyc)QOBklg\',h\0b~7bgiZ,I7\'J.YT\",4)\nu,֭5loa^C2@Cx\r%\rR\'ٹuŊQou8\r)>%JI]8x >{6sPm\rZ\ZU_6^@-Ck6߇-EG0jeHɑ!kZ۠\06Y\nq^i>qH)؏;Le@U:Qʅo.JK\ZZ\\scey&r4Y#dAųAo6W	uOtߡ1|ӷA>a߇Eb=l<O!:WxUXl8^3ph8\\jCD^,+	LBҹZl)Ry6R=/늠1I8TF2\n\\5&ut눺CRmEL~묠IP_6R%!\"n)Kln+TR/TA\nA;߱a!8crUV8L+ݪӝU!IF]S=2qL(U7s\0h*P޳|N>zwZYD.Q\\\' ]kRtW{pb.RgblhXk7qG-ꚤC?1>)	xy6}i|_+6R\n\Z2><u$%(bkAM=\\g4n:Y	\0=Nf2\'/抬FХibT庅eutF[æM~|ZTКQ]ZR1Jqܧ|\Zw~A;urQiU\\O3N]^{zF\'SjHCPr0\0tox9d&+Gt!NVr8[WOr\\qKRTHu6[VqW:FۓªXa\"CH/M/3,魺omV)h]+ST~M,g\"eyS\"4,q7*wZ<hba؊iNo\Z*RO=ѣYOʷr\Z,zm%IYHGB32B/Ú.SّuחŵPSIQt9{8Ic6PDa%FTQ4dIǬNr2J#aU\Zzt@J1=nY\'>].*J	eTSZL$YP&QD.IUo1f|2d#-0HzPN\'wqFZ!Tc#d.GL-EmOvf\ZỎG/;KRnP\01dOlvhBuj5טm,5>iq	܂1cHnvfUpoH uZ5I)U.yb͠Gd\0	t5ʦԅy%ni	BRD&[\"nx\'6,[`[s$.\na%P醽}5sIu\0{^,?%o9\n&Y왮ieH\ZS\Z${XWghrT\nd<UIKvc=M!\nme>iKU9Sutf)+ԶS p.RBviҗp&`u0w4U49@+0d4RMXRJ<IQ\'[EEKqNŕ7ĔV}񸽓\'P%n>kS+\n%IPڒw)U\n8;WyPdwsE9\'N5bΉr#RTءCe<>e<,6,;y_Bǔ7G4zHg6lQSņƥ6\06leggy[{\n;6W)U%!!h%Ex]^}03˲^alv$clj7+meFF我/cJ#,K!)k8&ek	mqYa=*TtH%y͉H=;pUѾ1k	:y}\"T>)8mFR@{MӷP\ZGH$kqNJ#hI\"_vo3v\nKPˊmJHSE$}N/){R{\0th|>E+s\0^e4Wae-P[BzI˯OO+LYG_M-s}uޗ#$k}9,KisEsP;m늮\Z=S)ن7QA*Z$l\0~*)Y]GMTlZϳ3ts̰RIqJkUU62>6-:tTKrQ4*U*tLSJ>ÊI[GNjܕ&ﰰ7n#N)Dlsm<W@Wyihq*~;<`GRN4T!Sb5kNFc8v.t1ZWvL	Ty\"\nUoﯨTv *ee<n>|7O[ZWwRI]F2	Mq:H`.:x~h4Nk撤3OJlp$8yhiZarKJԷq(\0-8Z	%V@[OKRd!\n)V\',U,\\AekQn~o7>l\n2[),P،L;./`x[[~_̜3ƆP\0)V(<n=ZXv)~y }\\E$$<QqP7A!0E]T(?bhzhIoQE6\"|jB｀L0bmTqD+UxK\Z6V?t$T_{ǘ?dkE+u{\'#n>Ê*H#9G~$ony$:w;KM;:DBg #49mJ}|\n\n0+\r$aox?PuK#̓\Zuvm&X;:)?E\'	c]XxΡj\\P6dl]B8(gҼ\"ȜbV^n4*IO,)!*>8:3m:C&h\n|hu72Z\"Mv@pI.\ZI*cm8kl^^mU\Z%*:7\'\n\'nķBzJm>?͹ͭ)_ߖQqsxa\0>٬a ]S3i㳠DwJ:w`r5n#{Fp}3=7\"L8\Z)iEť22498q)N=)a{d$XHU\\XXhdGN\\yZfU\nɖ	>5ĥFHZZ/ȱevHin$WDIvK])ފ&H!;Wr}=ƾ\n#<esu|3&cK2r	p?KLQ5Y꿅1hff&jkmcenLnΔi%ya)@*}#cn|eC~Roexfj`:\\JXm`QTE-c}^\"toFs2(}cpؓ\Z痖Këej5!WN{sg\n8JzAn*rz4t%QQ?,Dn^.q[*ldTrUԴy@-_큥7Zʚ\Zףy~*b5 gskm~.\nj6/ꃖڒ=~^̙>^YIn	AqMj\0vxR\n**~xN|V?_rpVi垪\r8)~Hiauֻ\n\0EuZT\'JP0б(^+4dq+[ZO$?\\q\rȬEh!cZwIWIէ*=fU)jK^炴ЩyR[s|қX):v>{&lnRu+\'ԝ~\"D5}*)P}S|IfmQ!V@2TX@}$<Su>cMFHpTP(љ&N;%UL)R=а(q<,kmD\\\r(.,R^(JK)\nZbIؔ}ɳl.R\"huTy,9iEGTp-7Mxsl@>\rpL%KnK}\ZJJ6fӥg81?.19hdئ\0;[-s-Q~W1\n}b|!-L5]v8)nA4S	UI-HY;[M aUR·pu}Ff\\lF\n@Mt	}2RBmt ؋u82FA863ٻէQ\0ya&9e\\9_MBq\"\'ϡx\nJd*jofXwݐJ x|<Xd	Ӹ?(fba>H))Vޠh<R1iTַ;<fwvB\nҙN$-* ۧ>VhhE(1u͹&HQ)Dl&Bʏ@>@!s%ѢHgK۝T9MA5/%O*׸ Z,O+N7n?XpX/}\n_zU:#:Ő[H	I.\0;alR=̫9%F·a\n@)Ev߮i\0l衩\"2I\r@0f-tRIP_Dwc8u1\"&߶5SJj#t8Q3	1QT֫sDx*XRv:w܋dڠq&fIxk]!X^>PܐS}ŏmc*b5\0mګ,uSQĕJD\ZvdH\Z1JBJOE\\X4BJBu[^ap7FYӍRP@n`kL81咖/}J^ֺs{7&sej]Vhunn&*IU>S:J6 ]݂R	/>?Rblcm=z-E,Cα[ۢXo;f=7RݺSKA;)mʬvNblq+H4VWg&q|ΚqA\'};^s\0;};1usoo@뙎FtRv	3ie\"h__VE![jVx5! \0<[Dy[+XЫ97\'\\B,\\V#ЌZKkPf	SscU4Kԓ\0X2\Z#f7q+\'ے6WHR˓!@F\Zq)=2XRQ{\\=7XU	ګ(u&A6\0Ӌ3O13(-ˢX=S\07^lYIž(?E\\-RiZ+{bzw3Tb]a7Mlܰz\"Y]3Gug^0{rBh^ #OJO C|*-HGnοp+Sr}Y,aeꌵzGP\\\07;sEBR]E|@	FY0w21UfH.Mq]Uv\0nl3urJd 8rS\nh\"wI,Ӗ0)պ2KܗtMn7\n6p\">v[jY_U:۫UnLP5$s#}XBʢh,	@ɪogܼڙvM-}8>J\'\r!۹s^kcBh[k`RScaa,*~cϼ\'T#76ҞB	(z1ooJ}YNpROGKb3g.\nu[Ie\0v`\\=#LFO@STisV:,9\rVฝ;))cy\nيw.җ5ZF`^O@-ϙ\nǘ `&>v^vs>]S7fHu%5*T#Q\rKyx+=4\Z4ev7^\\i4R{R$P?Xf{Ǘ嗙I-`ms0^=r[rBmAIСq#DMo`\rcR\'=u{-Mܧ巧{-C`qxc{U[{4#\nb\n̘llX-4\0TI\0*Y92%cko3#Fө\nb)GLuJlVi,VWcKhp*	Yɸ==ⒽI?!MhDGJ-+E9&ܔ)\0awRϊri<\rU%\\9z⩓pn0#¢񌶞BVJyyX\"&t_%G	\r3\nJkwu+M_(}[#B?p^=d[Z\rINFaǊ\0B|dx,)ut3EUBqLhY,iygMw!p@>R RKMMӔiIj@MйBwm͂KcFuS92\"s/ҶLhul>߉\nqX;.?rvG*{$i̼v-x}9d-B~N%UD?~ԎQ.eH*+r(ǝa/}Q\0h[MF\r{oj\ngQ8K@ljB@ٝ]odXoyg\\ߗ庼^aqm!lYM)\'Zrz{CD)(:\nVꊒ?f_uy[+B2j)}틶C.\nRߣ<\"J̆ԍAa.%VC8T$*ȞbxxM31NH֚}B O[Nt#*o~V5<,\0F`jǫ4ɉ)B@I\".QӺ6p3/<BURi:gۨAK\\I\rx${u9n7RbRŽ>,NS)Re*SrR\rݭ<e%=L`/ވWT@^и?k3WR9M[Dj5AzmTpR>X]U͓~]):Qkr?Cond|%b!n)Pq-eH&ogkĭZAl]1W6LqT1\"Zel,((	o0KaM%7>:Y_LJG>\n,\n*1@a/:t&֟\n\01pqHS2\0!Lfx0Bʀih\n6aab)ۅ)8Yy5Z-1Kknc#}>+_Qץ`@ָ8*39Ͱd!s9|sY\n%RAHR)\0#ptŏ2sȤ5!$.je#7s)\\Ե T;E;~񵖦JgiaЬ-=:yfUJ	2IiamTF+u͆NRو\'A΁>EnZ<l>,+#L5lYġ!k\\i\'nG=J$5{H`ÖL[oT||jǙjhAt,y\'t)[uoCB:?Jf9,5c5\0]:!#.%2*ieEB\0XCa :}U5f\n:Rsz nO?\r	oTȹW2:ComW6|B1\"]h|4$Lk.)͍:n\0>ZYD|41SYq֥i7ul)_)	C^bܼJW)-`~HR#qao\\T/]\Zy]4ys_JBR7\ZLRx 90ɞ̹^T3*1J풳`MA\r.>BI&S>-GKQ׸JmCmR!E	OVNP(E>͔^piHW5cUV w	JG$a4nt\\eɰD*PBwRWPQ\'3c+do8QOFOԭHu1|y؛Z.JptP/91%Ţ\ns21r\n𜙓)NbQBu6Rǖ:-]Pyf\'7t\'6;	r*τ*l~X,m^{;lQNgsO5uBE&$,>jHu\'BQTOdDi}涆8A>D:mg\nT\r`8/ćU\0.\rB0U=Sg3-!bS{n|^<e(\Z*_%\n	\nSl}T|;bpK;7s5L\\m];\ZHWᷞ:∆xtHDL{8)ܠf|@aӔeOo`{Es%wH|jd2rY2R>̫Bu|$NBJtb;A{y@)1n*TsYijL~iu\"\0-nRᤴIj.u_ϖM틚ۀp/Э\'a-NrS:QOWQOJwtt\\d+Ǻ}՘a\rr_zojӔe\0Ń0ZJV9GRoeꟶ(nFGo0KCO<I^v{[ETMm\ZYN^-}1NwfmpƮK@\rKqd4T(5\\I$i{gO8G_\0!tIZKeKJ|;f[b9q8m/?C(!-)4~c\\\rs\ZQ[MPC)\"qUChz\02bo*y@F[Zuw~ycc$z)\\T\rUX~;J \0N\ngB:pB\\חȤ-*tJ0ѣU;Hm(3[JA/]돠46prY1rwfW(T\nG(2\nJGWbڷ4\r]ca	}Oe,+y%p%eT7Z.5!ffq&*3rf\nTɊ!SqI{إBG-xih1,᢯A]IS*Tۛ@UwFO)dʏOfP14mŶ쥂ݶؒ,i*:于Zn?Q*֋\0I?ţKZlp7%o\\S( 		{h;)\'l(p|J>v?6<rSL,5UABiR͌H@Ҡ6%:nbٚj\ZH-Qg6$<QE!|A^%MT\rtؤҐjR씋\0X^\'rTc~_&M.2P2%.$_$!\'7i<нG!U><)hm,Qm@ؤxH_N؞7#)SSق&aTyzҕ_rqd /\r>A#]J0G{- )ϛaK4Y2?Qp^i5pεZ9*(|1G\\GGg!]u*RNWRN8uF2+ep%,<i1EAJC\r ynPp>]]kvη\\%,^ߖ$*̈́z(FRW<\"hi|^*hU:}W\\D̕qiUʓ㭗)VsbyIиT<7V3W\"fHfƖd8>:iPp\0˰ݔf7Jq좒~0z+s::@b/֤kUۮJ	Ru*/<s(z\0}2\0=IK˭>@?d0q`XYZN:LTꏼʒm\Z:-C侥Mh?\\ʚB)|!M\'q+U§T]5GBDK)rmbS)LDQ5j\"5.r]Dtb,\nl8o228yݧȱ\r[h k{[\Z8#`1|ķ!}֓1JH-/RlX\Z7N7p.f^zu8+tK-E8nW$EFCC銤̭:_EeIRwɶl\r\Z\02{3sc\\6bAenL_,biK}<dU|.lUDLH4\Z\0\n;\'	M`J,W HWB:IUփЃuܮ%f+0jzv٧bH̲Q9ڵQpA[RIBB\0ܒKk[;d`sF5;㷢)l6y}EĔYucһ+p~;s܃͹Am)W(*\\\0nk-H2\n29-7+HM:M&㫛:&J[šn,k\\;bh:HRg{\\״fY{i~B)IKI\0V7.,׺.\nN/B[p`kIֺTj\'x+%Q6!UxH{dۯ.=hʡ;b{GfqKpHg\Z\nζr4O!!KRM (nM.nmUDQ`Av;;ԣEqRL8ym xFO`;_P^l	\'.nF259qeDlܣ`vU1\"?.=G)ʼ\'9G-fiUJU6:<[\n\"RG@\0ʟFXICMpqnto▽G|/ۀdvPg!mU*?LU :qf ڥ*\n)N?)*<*B尦P*JfW|4ҼݭTqr,Q, GNq	\0p\ZXK<xmE$Am|a,2nvI*e\r9]w]BZ=FCO\'戚B{=&M|kLm%Blگ!MV\"zߗN+<ػwϕz+Y5uf,@T\0;m]\rÙ,!\0B-$Dߧ\\UK2.Pmp{_8I$ |£ƕ\ZIi\\R57酓E|/o\".gVEBF.o~3~\"\"d(QlYo[QnȜRݑ[0عJJaқYD~<v*ꖕ_g<[͉)Vd!mƒڙhNG$nTWSa)o-pXqaF*\0;,q=hkaؓ#_	Ī>.d5:\"<I>$kmdXۡcjM-7bupY1pڼc8Zƀ? ۷W[,ЋĸY/Qh2hRrN8bJ.-z\rAcЃٚZ0*95*fpN:#N@\0,\Z\\V7,qn,R.lt_4BT:kH{W*(<zˈ/?	M\Zik\Zb\nz9bٮTmq\'TJEZC?{B2gSW)Y#ǟo#02X_\0C1[n#C,zb\0,$nP.gst!`|qp,\\߶<}δ<\'R	_P$(:OQ	n{[V9>BvZLⴧU1Kh\\ yETg*nS}\n觊XcYE𽚫nFII*Wj;\\U/gii=RXb\\8`oJub!\0;\0qZ\nPYֲ$)z`	#r\0Hnc$\"wO20Hh*l#ʁRːiỗ9:7\0އ\n$pL|Ws+Q(-O!0 EN^iEHY*K-<:\'}ߨ$ZVPPǦ69 ;_4y:R1%O-\0o͕n\n!LNP)%*R\0[b>#{\'fb-ґWAj R5t!dV+īkĲvxlxi_BȜ$`.#Qmx}W)ǋNJ#0./8PtIU@onbsՠ|0_>s\Z\\eS\0֝졵\n.1y.o=N4EQQ\0WMmPޗ!Ĭl}F);\0qXеȡR\\rע͕MV_DfOD120@ꪜogN7Oi\\\n\rT9DSLlR7ڶby+!V䂣tC#\Z{ߺ	֋7š%ڃu˯e;\'f	&k,);,u׉\\\'v;s5sSO-[!~xѽ.+&$y)ª}Oͨ*P<l-Ǿ9׸sOo\"A!d49m!J#w,<a{md}{4&q1rVHv<$>HyZ\\cE!qSbdg}W&o؁rZZ^\"ڜU!GVT\nx44]S3+x8!J~NNyMM%S~Rmb{\r/XGZzjQxꚐ4h5m׺B:y/rxߊi7[t \"u[\\jMՐ9]RM7f>vB\\9\'PAY\Z\'9#F\'=umˬ(\r_Ǿ#49s8Z.-];\nKȓy*W06ˡ)Bl<!$#\'.#n곊T6\\Pr\\k(c}>\\30\rU%\\4!Q׸ǸǂӥBdu\'KrFfmAkob\nreQGD(j=$؁ramp@m@_1Z޶+jDoT#V48\':!mܞ쪨ORO)Ɍ\nVK~<r;_8¥^+B>d=#&;*j8-PO\'n)v8(jk߅vie*Ȧi͵!_,qlMVΎhz\"\\$j]&LRR%d@Ǳ\0AA ἵ׉~hbKΖCɅ@j7.3<ti[d		ӇDT.xq_hJSd1\"04&=Q\n㎥ )nJ@I=!M00\0\"C1:T2O\Z\rM[\'ڶ>`a=#l䃾@~d|bN_8铳8Rʤ;]+\'rZ DƺL[{)s\rnx,<ۭ,ma:CIyktĸ\0\0U=H`\\!\"MV60D>insQ)		PtF\'jnQ1hCm\0$|H:U44!\0%N-cF*ynG/-RIa+ԅoۮ&5\\Tkne-eu\0weMx2q~*$&]`XK/\\bRlr0|yF˥S9*g7%$t\'&ڕ /@91DIG:CeEdtZTlt~j.Δ559oyq;d:F\n(0Bl*H	co4miqeBR>B86 \\;D7y^Q%R+1$h%%K6	:}\\bSpꊋ0Q˯V:}o7\'{\0ŋ= \n2i%y⧙BOAR\Z9q2{aktL:PHgO1:YS̸˭+BAi!nh\\:%SNm+HX\nsngJOQ\n**U5\"2z2ؾ*Sn \ZP9\rzUsi\"ŷ+-*Qd)\';zZ|H:*,Aᄙ\rJ]C1x8-l(oӪ)	.\Zn8[RhHDg[eR{=Nq#ZKYۧLh<\\I{9mS\Zq_<l)n\nxkf_ms}&.sl*H䥨IIKw6\'߿9bq7;6*6YV3.L؋PR=I?N$nW85/퍦ᷪ-L]t2&i}]\0\rN\nIN*Zj`1jQ !\\\"%&k	qg-d2a6ׂ#ˋ#c3]I*-f%$-(d!7nH/FLUCP}GNZy%Y4\04;|?ag8i.%I(:Yi=F d.\'0j?:Yl+{\ZNєMFP<4[\\ed8/RvX*M];dx!?5_*wF=$]9h\0KKhJ&HA}0<v:2\rXf.ʣ˕>JB!!&PvXŤ2u2.?;:t%B`ДKsuN~V3%A1(`OQ+hkuڦ:8I2VHrsI5H(HRiڎc\Z^ _8j\Z\\>tɱ2pT6}KIUoiy}JgՒfbf,(6c6wMpIE_u{@@)sGƢJh$\0;M\0+/%L4ej26d*(Q:bˍP X<m|9h\"AU9:\0-A BCim\nӱ:F>\r;7PgܩR9vyo&&|͆=yÏ9oeHPCԷƮMS){\Zv\0Y2h5]\r%	>CϾ;3Yfd*EʴhwI)t6=Ǟ#!Hr\\;GjU5<-%\ZշО<FH}o\0?><^CI>KԦb12S-Ruo4~ۮ{ދW8m:%?sJX <bJJd@[LopCzP:tXcG6;I@%AJ{3mS_96o})Оd\\\06JPf\\uvgB@u\rʺHhǯ%*\':9>\Z6j$TYan>yvs?͗ak:*n\"ʒ^SqM5-ܝcUFSYp\rTTvn=J}\\HJJ]>`eQU\'e*^]qj\r.y\nXT8I5k4\'KtTȵ\n\\O1j\\)n5fkpD<_aL2a{޾K[ky)>:#L.K	RE	Y^鷂6-{/STi<J۠	5U-2	I^\\lExj;(Rb=Y5B=ډc2GQ+Q\"٪cQP[?.Vv\\AG8sQxu\Z\ZZ j:@\ro45Ҹ3:4掁~&S*{nIy%υh-$|o5Rȍ#c<78Zr]b)Td J@juꣂ:f!{p9yFLJyM2X\0:aew\rڟcfw\Z[d^}*7KN>Ψ10\rwvRϦ\'U ytQB,u8ӃT.bsa)ZNnbm+W\06$)\'}PUsrn6P.{cֺP+*5 гFj}On[w+yZO-59T栕:R{3!76	4MDMSs)0hr	)A\0ױ߷2)Ƃ+QK:[5^CA\r!@KNqIj5yZHjk-.JuBIHRn<),3B8@%<|!@i5vlRs|E~T\".0a-`i-p~xhKq0۔#3*+)蔕.DZ<\"Q.k\0tukb\0k}.Kr\nd.mr5HHQP\'o2UQ11o:E<\"C鶊9ǣgˎW=ۘDFT!\"ylz!đϘ30FVtY? \n\n${)q:ui=[7C}UX;)Yo:po8p-MQ\\NDԩ.2@pn9)价YUQf\n/Ve갪qKCkq|h@$DnGێI!jKida@A}\0<CELۅA+HH@ʉɈ1[Aש\'eYϥÚZ/#lBːKz)BQ	Pmǡ+֝x[x\"d\'P_%C$Ǥ|mFs[I %!@Z\0L:\0Yz릜k;QI\rES\',\"N8ʋFjt)\ZK.dب>@m0tL7vb>\\~	3{Jg6wpMq^^ג@<ߥO·)-EQ#?\rr\Z	SJXl:k&[#b2EƺwSQ6=E{0	8\Z9J*eIu\0o:^5Gb.>7~W2їR\r͈~cГ%~4FSJA\nz(Ft{H୆Jf9è7ӆu[(է\"S\'DNG\\*EtV\rqlziByyEjY\'J%$7Ƣ\ZX\\#bBS*^K٤^;uYIDwwe!),l[NbOM$<r8Doï B)F!.4{\'Dw*\"ǲn&ߞHo/@a*,e,r{q3uuǁ%ن>#2.NZ,^LN	\0ʉhS]3#TJu92s*K<mjV`\n$տ \0_\ZUŜDE8v#\0yGu	\rZu^1v\nkD\Zzo=?L.xi5ShJT)$\0;X$8JAOl/!+g6\n\\*V\Z1^aI7jS}=mOkL/nDL.u`\ZӴ(+!rJDFu6b\n2a247j$7	\nl`obsMaG,\"hԇҜj,zK\0TʉRI=tŒ?.}G(E߶OYIC\\]VCohLϥz(CH\"ՆdZ[SM꒵XI6>{b=ăc9${\r>j@esr4z:`I,Eku4Uq|r^yH@h&rLo9sm܁{ߪ/\Z\\ԧ1v@PaƒZvLܺ~\\-o;גO\nCk\rK\nJv8b\'!}؁=īj0vo\ZdҞY9eAA+Q\ZF߯^M{dYqk\r}ΧeÙbudMW[RMCm\'-\0Cq|&5l4lyn7_H`C8RC\"ƾ+mTKNЃkO$40Qk 8KQޙ%.IŒX-qI)VSrp;䩩h׶<_ipSD\r;Svң1UM/Maw{O)8ky#%\nϻt(i)Gb6+0ֵ7㶛k\"w\0J!WzFqY-V<\r$;{4<9߂[<-\\?4Td<#܉O[>,\n,(zD~p0\n3[V\0IѾ[J12ۮg*/6U!m$z`>M6m7F6ĆZJUFOD\nI	!M){P11{Ꞓ&X#5!}>\Z1-^i\0]IIQ%D\0-u{\'jO[sYJ|T\\D[V2iĥ^׹$cYQI,vr,M42ꪸM̵8r\ri#:(4he8˘&Ij5\r\'*f9;yr4\",¸p\' 37AUI,0UL\\J_!V{Ћ\\]$m\r4*T&gE4Σ\rt_ğ>j,xVO!$+Yx*ʮ\\DЛv\'$(bc4! j#q(%I1yeh2&QF9\r\"{oTG\\AɰMʂ(_\0;[ncحd^ͼxm$mQ(yR%R)n=pgߐŊ\"V.b<!	wfڛR%yx;K\"\"\nC)sc}`v\"@dc <Ss)W&,wjG[6\")-{_DuI>\Z[zf0}QS=kY^M\"B4EjX$=>1h㐶fmW^>N#Dnm0Z	\Zv$	Ħ	s{#/l8\0>_JtΙHn8B\\*&ܐM^9[5	Iu|,ݍȾ/ԨYuʅA2]5eAƊn{_lKej,F˵oqpl\0\rIjk3q\rQ3e۹JZummTQTk\ryoaଓ ۟Ti\'&]i)\"D}`{\"\0Q%+\"i0omhE}VkL-SYpIe뱲A.9;ZX^+W\\M+uݽ/k~Y}k(mŨV(CsH#`Hv\rxꟵH3yJAp4\0OK^`wa|JF{k]T\\./\ZŰRˤ)Wr:}qK﷚K22JV6~ǖwߏu926&(2nxj,7<Ԥ|ߡƂ/!c\0zǏIEyң=4->Zw\'Br\r{Zw\'^P7䁳E[3ЪecD!+oԥJm\r5,@1[0<A\\)C徤Ц8\"%<2e${~XA,eqD3 ;-SIJ\'A&Jy76߮3yA ZG䁯Šv?I2I6hwJ7|1qkktESAs\rL\ZrV#\0*́po MMۯ+kӊbgPk,WJpͦ-t	7M-}\'e[nnk&Q@lv/k1A$6T>rOAc-}OSVs_xt Z@ا*^R[ZOM@\\v4T%vwi=,(3+rjGutjmėc/s)q\\8quu	8}Kbj\r؝U8,9al<Fsf6S-r#њuZPuZxrw	î1(<<i)>Yul$6J6VsV+Mr;PiqvE:H\0au\n`\n4HPTG{*\0:_+Ñ(5H춠xou5|0UI)EmX|G\0wMR#;bUhrL?S;\r׽6\'iavD=G2걝eҌꃫ&mñ.m~cͼ<Ukt}sE>5hzGKx@\"Gă::OGwgpooc2F@$.CV%& my`JemF|q!26$p;_?DE>}5#Km׀\n7Qcp3kuڟBdsCZHuZdHsQ]`SfcbNEϒ\\>X|w\n;m練Xs{pnyxyrçU#Ckp]Aj`:g67dm˟}Z%`IUqx&?!weH)Ru_z)LI[\"\\L.k[g\r/%cYfkl[Ku		6w.f\0\0ߪ3[Y.>Yβ6BBNākoMUWU-u&T혃XBug5?BSJYV2\'zz\'Ř1A߀Eǯ%M\'UBKl{(<x\n7,I+\ZC\nӈ:`zkV	\nyHuKLE-Y6Бw7\nJ22ǎ\0.Y0\"7?\Z\n⮴̧6_DP \\~cVC\0uAl7ώ7_R+8O|zLY$\ZZHLhí#Jeg	jӛ0\rӗ	\ZةGNqʼ;MUڌN\r\\vRO*\'}K#K=]E<Q8mGqx%hfliPeVt)v+GdnRp9䵋ӐתA$:H;˄8>8S}MUB᳋Q$~cJ[ֽP3k썸/>NO!!})Ök7Y=ԫD,>>g芊˫*bUmNɯ>Jf.	SQs`f\Z~)jBӆ,4`BVwQ{<{u(g(56%-Uwb4PP@u-\n6hWwbH%id}Rnƅ$l줋\07H6TKIuy=`,k)t߷&TQ:@(Xt 60NX\rV?kfX\"r90]nHChWIE<|I8Y}dn/wo	ԈZbҍ\\YRA}	<ӋA\rDU?JB@w\0o{F]7扼,%H+tj9PV^=p\0.#EcbMfyO(\Z2QN;\0O6G|Hk\Z䦴FS!.CcR\\J\n\08𑒽p؍Fwׂ_4imF[Ki-)JsO3#{a{dq.nAMKM+mQ/\rrkFm\rhRSTe\\uvhl\"zp7Mh8&HJxKVZf=e*yIPCqƖyt\re	<qǙHkq8)?mdi6Nɑe-.\\p4r\Z4$ؖ&{!JlPfHGB\"4[O--JQE]2\0٬Yiiiۇn:Y\Z|\"c \"2P~)\0qqe&/WEDXkh\"$~YfenDxz!Ǡ<ږU5sPmd xio,fV_O>~oNSSt`7JH\0}e#Ww7Z\nW8;kf鲑15<͘SbѣK* %eOD_\\wM2Y{Sѧ??]\0|Ľ&Rѐy%1ҶзR{(n~_W?d\rNa\rG.*Z ;$d7V_I(lـ`/^fKPb ^č 3i	ARaBgm@l5$o^îzZ\Zְw@4dHaqq7$؋x|PMs2+1{**52a\nY]6 >\\Z8PFtp+Yg*=0ud:Ԅ6s{r-~d GK	6[%.Tk3Z\02UT]OeNɎ#\nTfo^j͉4ɩH$_E<4E&i#NZBϴ1d-CqkV妧Ɋ*0i:\nw$QnpT᠙Pi_M5ď WzgpW2\"Ƅ9i*Qwtlfd_=6-HA u*X.\"sjۤ|\\t)h%!ї_s@hpJeuxvO\"#JM\\cZ).V~jᖎ2zrK\'De+|ߨ+;=0(MN-)qt\Z9N`\"6Rn.~o{븨`K.)>RZCiO|YnT\\lrmN잗\07VZ+{爛.SS&[ yuQ\0?9L\'W2S`(x}6c@Hew.O3&CQE3亜Fq,%!Cqס?Ygs8W2Pw8ڮA>c7@	Dͩ2ҙHqVڱ)*cTa.C_ˬf8<	-Sv\rYgS;p\05Uߵ7	{G\\aKf!i4_J\0\0bŲO.;+eޛ\"Ukx\\uz)Wpx\"	L*0Q<Ǔ%spR:u6;`zxԍ=ly=[/rǖ	\rXs$p/nyzﲩXrVj/R 8	uOQ9X29u|J*cg%Mf4*Fi\"JB\rE][t]w[jNQ䲱vM _\0\\vwK5ĖzPLjkҘuTT8Zz=6B\0atך&05mlki,!lbJJGM w=\01dEý\0#^ƹ:_颠e;sz\Z#0Sَ>5}:qVc϶֝}dQ\"K0bVPS>5yh$X[\Z=mM7q-)f뵹k&@q[\"K*R4MX#}*k__QaRGOO	#mן:c]Vwn39C\'qD\Zp\ZvR\rEYjV9ݤQf;\nj&\\IYPZrd<!\\7܄#@JX_ETXi֔6G0f6Z{L\ZC12kbHSU	@,#r0G;|rJTRvX Gx+\rv\0w7Y,jҋ9(8F׿C\rmҕ۝mwڞYqu}ޢfcI$!7\n1`\"2r%M,Wp~$}@\'EDڦ	hu#	;*iR{q>	od*k3\Z?m*X,  s~qi#&\n9Z+/*q!,{ۿSUN\\\\CypFK(8$[)ɬs9@Ӟ9<-)ZlXaؽ74f+E8-rfO1ҥյaTUm >Ac?v95o-D9VlG\'&Ϩ+HI	ԺXExXrZK_#ˇ/΃SKEB۵8S{55,홯kIN-H>K<N䊎c)-Jm:&\0|afYr:ga۠e~$ИC~#Hq\\K$(MJIQɍ@ 7J\\g\r}AA;IK\n!	#rnM񒨩;-#n|I<oqmyp\\bX%\n}2	w/	NL>ךy|>2(!>Lжٕ)hQHU\\[l1mۅY;~Cꔔ=d֩֗T$$X&:7mk}ou#(9>ӊRHR֥_\nߥPVU0In_?\'E(^sQfj/Qc	=z[EJ?o5|V{Q9ptn$|ѥss̳PZ]\n\0Nb?fǶJc\"]EkP4\0y0HCY[=AJ\r\0MH\0m_~zjH(Ce/<-+Z	\rrfdz\'ե4\nj59kVը>OCͷۋ	\Z{vw%G1ĄR⩪	MOAUHa賵x\0{)FNx+q̿)㬸M\\cmǂW56-$ǠKdB)аKu&T5iH)(+p<n;XFļzi4@OXTBskK	m!$Ea3Q^.M/byk19Ĕo$]^i??2Qr숉n:ku0{}߁6N4=\Z>$Ng5&(y7K}[-;M̜C+*ZJ\r(`Zu?G*#70f9.<wT\n،JQ$[\ZM,)PSO6fɣD|B(:p+[3ŀӲ\0A>a`\0A*VYfrs1WTaq*&3(BܡD*PM>_\0Jˈ-CTVS}\0[zdRY\'罾?,\n*AЄtm~zQ\0UnY\"!Qnr %;DF|6l}O *zc#/՚H\\P2;@6ՆH	\0#9hwH<*Fq20S21ﴶ\ZLWu%[v#V?9(Z)TBe#G~!w\'Vo>TnFymRU-~LI\r)6R](uDINw7	\n҅ l9te%6G];w7WQ@hpۍ8Iu7-JTv5RZZ[SJE_9EP0y	0۲)Pq;9u-CMCNsKHy\\ls3FJ}?̼YHyPju^*@I[[\n+xL\Z~0{A^~c$-ajZQ/\'ُf\0қ}VvؓX#E%^d0\\g,w!|\\MFq?T+:]@\0m\\9\Z9\re$yx\0w	uHnb\04({ղ}c8>uŞP8m4D4}Ҝ8%pզUH\ZC 31r69xpH{`ݐYCtd̴|_0ETQqTMv03m(Y@FF\"㽬ra6R!uu:m!?ROci0@Me-\",sU͐`%]JV{\0ݞeC`#/\nrH}<҃O`O509td E:NA鵰Diu6]/SW4ƶ:p~?;\"3_EY#{ybz(ꭕbVB\\u6i:I{BԡŗA5)M)>>1k_!fQs %[\\z %@\Z{@7U\n(a\r2}QaEqۈ,g!7mL B7<}?KN;S4z/H@\r`%eBO{s&G=)\"U.j7LtP>~# ^k_U!0f]|mξqmcoH?a/X*VKu8J)/c`@39psee#\"Ci<E[\";f%nvLcҦLLdG6CqNIKGN\0NYx5LJw9=G7y$0u8h}ߟNK*gR\\SKyեE@@\0<]wƒ:9dpa@n٢5>*rulM m~\'O#{z$\ZVEAq/@QϨ{m,ZRꑘ#k0{e02,,䚋bEԪC[-A[b/.Ե0ۑρQ	%=cdRwHL=Jvco).v訙wwh:<R\n>cSԥ>1bT{iX$k_%[q\nCunbeV\'ԛ-iS&1Ӟ*\'\0KmeAv;lVb&d.ϖCrByj.)%3:۸ZwtwEJۺ}2B,v+By$R7gR1۴z*Y+nlAJf8ebWP6~,c3`)Mҙ\0bB^WK\rkTTj& 9ӥGIĝR׸A\\l-i=\n}=G1sbhIr߿1UeUk1=0h#6-{@e:3\n;%פXlbSm*-8C	cy?DS>FK$\\	r%3&n,;i5P=\Z~\'옊HqD>Πk|IY6q#tt\0Ï[,E-|2<ׄ&Pm&T|F1H7\0_\'@Vq}2%i{uQ(&S\0Ov-Fh#	)ɧl>?V+i%diF}j30jiId*NF2>aDVJ(p`<`eY`vKq`;6{[[ZUKS5|\\|Mal8O``Pn)Z[@BIon6S8VS)R.\0\';\0/G:*ym$t\0\0LIijIs}=vGU=ZJL_قٕCH(ûL7xGK;sOllcit6Hkt$\0~ChCi|kɕkq%DZ;@^;\' Lܵ7EVco\'ֶt݄ۨ\"<BPmBla-צ<ke\'K,7He\"CS1Zo-KRC.mI\Zt!V\'q)B1X\Z#\ZR{7\\Tg\"U=|XgBqN. ߥVnjLEsѕ.쑹ċyluLT&_2Zd̘Y>vJtv$Fw(fVyB3qŎr=BayQu7.*rSc/#\\\n\\	-aSrXAQ̣o$ˇQxQSy\nb\ZjH	<cp;-#T*JkvBc)АQEϦ=ZH6P,NʜW1&GRQjRn/F\0᪮NaQ1$-nor15\\@:G!\Z!Qp}1Km<ˆ&9Q&#v=:D9K\04vVepMRR؋ԮBTܡI\rs\'\0쪕(EfN*JDv22Xž\rCPt7W\"32\Z Z%*zuF.`r鐐Y?1%*,|`b깇<;\nm1ܷvvZ}O0G>wqD˶P?,DnrAŮAG\0o||v͸çoah2u3mmeFR귑&	XwK}83=ԵI%E!!\'I3vEc/G\Zx*\nJl-0>&Xo\0\\8k%.M:,*!eH\"CD\'Gasӽ$٧B6ßsUR->dxw=v^?)d`_LLԟ|raJ\\:BB\'a7\Z8C\0d<P)tf(~+HH-6ؕ(a[{x=W_Da\rV6Qn<RBA|lqE]-e®b}[ʙ&2E	->JJꇙX.Hхq;!\n ᒄN`sqRЂ\n<h[-8Ŷut \r_s\0C!T\'R\n)mfX4VBo\0ZGȵ.G/q/Sn3rl\\Hm\0?ܤ~H1jw1/47qld?Naҕ\n(sb/6W,t*Bfa).Ȯ޿(x;n	4/]λXaA̀}cALۃUw߉!yF[ISd]X`I}o}J)pRFʐgrc!TOnlA#knwJ?mU_fy#;۹ȚZSUF*\rS-@|s;쭐UZ*\\JiO+1T\\H\r,VI6R19q?T0{QG_(Ra[wCbӲS0{}\nVEf|Bᨼ-AԂ>Xfkv*;rҽw=Q\raM;FF_{\Zܔh\nRn>[Ě2د{!\0\0\rGjcJȕ	Q*\r7Qǘ_lX#8$;k/j&ik4$e\'~m$2ٺ? 	kw\Z޺T7W a7)z2nVoNy;O$ǻn:}\'.ؒR\rǦ+	2nAt\")RQ	Us!$\r0i!	#ɝ?dRFR4RY!25)xss-dsctC6lzM\rדC(Q5|0ۮ!&\\\0=\n-\';()ePC@R없_*Z\r(/Ϡ	.\'RCnM(YIO}}1Ym6*(^\"ԋPcz0B|+:PP.]OP1aCiԝ#yn}RPiB<Tѫ6R($\r@q7VqYC9gJil*`vOȑ*F}\'3g-iM7J@+\0<y3u+,~v )\'ZڒI?Ls۹LYg.mN=~kq~>>cB2`t{0tc3LO±bY\0^us7A:U\r@覉9ZIn߉bmssn/>G&d6S2\rM.j	d}P@-p)2[UO/~<u@z羦JE\0.-]Uw/ل2aVfQDoRf8]#_&A>q\\gAN;E.^:V<Ҁp#\n\'0na_تqSEA\'^g[ۜΤ-\'8I:ØEt̓Z$(];rzC(su_c_K\0f166#f\0rմu\nqsq(#\"sq\"AzBC		uXw:o7Ccb*aS1SBF<\0H\0|MCbt/.N:?<yy:&K^5;,4Oj9z/E\0{Hp+sZ%8Mې1*uR$!vOjqj&f1\nof!2DT[ʗ\n)l]V/P\rܤϐwqi°9\0+y`1Qr6gHFĈR\Z%Ԇ\0́gS	Նǡ]5]|BG3d캩\"6(\'[i[\n>/V~X{+\0i-	7e ZJM2dW\0iۥ X+0=T[Ue=]\\8\"̻咚٘#n>]*m$tUz}Ci\"av HYJVW>&wH$-p]6lgO%\r){n:t|}ig./-&bJA\nH:<^c@ӛPonp5mRMY-/DR֭*R|[7QqO^.4{9OENuQ)R9\\{jԤwPq.k]qZ7.b,(pDuoT.AR%[.!A66ߘu3cK#QI^,7-\Z\\UY.,S8iq`S%h5UҢOpm <\0~ME-Vo3gSsyUGM%*O$HN1u~кK#7E\r\r$oMk\rh3$THHUoy!|)B,$iG)͠vݝ^}6)$d\nL}#!`$\0 d\ZDg!loqYNK`c\rr68lvWpjis\Z*AH*qitԌMTz\"\\YkY=1tJ:^W\"3iCPB5qt\rd//h蚗X^LXndv?\\ĖǏʖBNۻު!GS䀲	O˩X@+jw\0\0<to@	SJXou:ȿOC?st<GB$T?^RR>KFiPR6;F,w3߭¨AH66іE\neHPzpsZm.8RQV[\Zav<aTw1&3Ps1RfGVIJVzH -	K!\0cx=}07is}V6r6:?5*9ׂd	WǰP<XdCcu4\0l\0{kl<V8Am©5ʳ0JzJor5-h)4UaY1Ai,ưPvU\0s0tZ\0BY q)\r$zܐ.]┕aN4\0p\0\r쮿s|rW\0D\rQz7ݞW\"Rt*>~x;WtHCL4U&ZB0TQpقRZ\\F\0,9)Ī}8g+*1Pu9nKIn3C)$kW*3qM\0\'ÐZ>Rxp<\\FBl\0߶3U}(H|)HQRSk$\0<cmL](ϲԵTvn<<mBJH#4q\0KIV)?\rstVZJp^T!8ݐz\0\\D tWݨm\"WɊ[$گp	;kY7OqHԦă4\\.4xk%f)nZyKc=Bj28L,B@#c!=cK_ *4im%齯mΥ\nm{*ٵ924 \"J) ^P*sZb,yu3qȥĞ ˘jZy\\bBj\0NcBv3CEc}\'?~9O_xEKPr}}n͑`J@O7@c$\0z0trvGP4h-Ykh^i&,gۦ\0G	s31:v\ZZyjU_!\\ۋI*;e.+(y\n(Zzo*\rIv&nfZ9ckcn=O5\r2)TK5-לW1#MS>Db$v9\0*jr:\Z\Zj,hhj5Vz}%Gꑶ-@-3\n`ds}xY5b7#-*\Z%ܔD\r\ZT_IO=T\nfÜ60̅E8->A(\0RH$o\"l2wj,<x/~\rJu>wOdo)FpYWi4BFDsKqM>\0{W挻M4DWii\"D,(?O\\HG}Ǐ4ySNSr\Z\ZCpyvL|gI+2\"oa\n#fkkDPy.kplV5 04^mmTɠ]r#3j%)1f1Geo`l9ҋ{Q{k-	YqhU~тT==鍮4Ҷ	6\'	lt	۔YKnmҥ|C\'jS<vNkZJ@Mz\'\Zv#KQ6d}\r2OGH]ӨHYHM9d7	i	B.;l1vw4X\nV킈\Zg]++Tw?\0JEӊ.j+nGĂ\r[{b[Lg:6.ruQ Sr:R~ti(IC\ZsH+Wk/B\\tz{lw#}p$5~5WvL/4RtJ6KΔ\n t>88q9%\0|Ь[3{.2w3ew,B#BKV*~aX5:VTTK+#X9>[V[2?+!>3C<m	#~Iinͯ|_(;2rR&SYW1,iXw&ae1\"mwhh){OC#QCPeĲR\0־,q\Z[%KiXep8RVU:N!sK)6U {7}RSEMø[:,UTKCtQu4\"3̠\rBuJFC\\`h:6UP\\5pDHF̾\ZJϾPTeh9$̍d\"*X%ԒOE\ru\r̗TӺ3eb=_%,adͱDIR,^޿\\/)ÊqDnJQr*PЧ׹&FJt\n#ron)#{:zI@xxu15i7iW6D,r\Z^KSOT1ZԳ_}\"Wvt^\\<CGl\n@Rs682*IqCy:Jhԇ8PRmۙlv1 5%SħmiJc8V5.߽~rsTڮIԛ!EӮ֙-lS\'Zl9:U9%\rlTe_Nǧx\\l\nyʔ2_!\"IVmtuoĥ^\Z\\T58+,g@iTg9ZnuIKTsox/kH`o0&<,gsyzv>QHR[`\'=F\0ae9]FkPE\"C$Ou`ȩ\Z*<9ـY|&jKTOT\0x㠩B\0:\\w\ZI!5\0a.,*ҐRO6\rJ;\"X񐰧\\R{Vgq+\rWЩ|Ve\\\rEP)WR%.c	T2Gy344\r4c.z{an54Ըb`\\HU8;CQuuжΕ2Wcb-?d`}},C$vPAQ򌴏}T.kFI)L9\Zx)%5[DVw#\"-VyEu!ԝ$؅Ќk[\r\ZwD\0li4$/j	{s)-($\rԴ<Xe[̪\'䅼%M6oa{obdě̵eֺ3`ZW$*ֹ^VtD9=!z4ܻOBO-Ҥ:,˛,w_l/%2J2JVx#2^gZs*Y~9qz	p$\\vI3}\r@fi眣NTPK̨tzNZ_s	J>@X;(6mI4$5YiI.:ajmMbt+7n\no_}ڍ \rP!_&*U\0̝_wtW\nÔ\nrBޡOc3K# ߱Preej)U\nY\'aq+.uj,\Z9XT3j):\rL[:Of_c#yKcM̔%D-僩J$nI8-p\\(!+FQ:\'	\045]Gm$`.\Z)ݚ(3ubCa\rĶ>\\/+~Ӊ\n83|L $9v$#pTJu|/G`~\r`i5~^33nOZ[	$]Zڇ1[<覒S;r\\h,G2G)RYi Y\0t$z\n]:>o0X݁ڱIHN{DRXˉ(Z|^%\0)V}C	{)ɍN-<.VUxK9/e+l! Z;?w#{AE}#u6Cb\Z\ZC4qe_K\\ӻ46.[5yfEC7zFD\Zl|֏:|n-,QV\n.D~g[#h.6BH~H\\p:`)Z]=|Qkv#J	kcqpP把w>7bAJ\"U\ZN!؍JT\\-r6M1DF`)drI~MK5T.?\\\0BI	P u[L,ZH\0nǚh2x4;[Yܖ+:Je+RV%[KAU;+[sg\":f9o\nYEA-^xa =xcD+\"PW˯BNH!tm$Icq{\\ ƪ1j$\0ٺgocq6ԋNh,@䅐ënb?c%;a/MutQ$;mtU2RKj ^NR7h%AeȶYL>sm\rHu)Ah\r;!5;kyic]BQub*<L0:RA;\0Joa͍$ektv@\0H7\Zz)FJ.#[Bua\0܋\\6ikIeʹ;׀I=AJG>\09HTEi\'jҤ!Kcq`H$\\S:@F#0lNeb`En|ny^(4L&YvI)K&&~sOq\Zv:CLhqomn|l?^*Ӊ\0v*M\rKrj&}{}=m4mcdyu\Zf9\\q`$ز~b|+fi\ZBp=Mʵ\n<T?)L:kmVz+v:xth4ŧqZ/;ffRe\"*dd[m.4ݘf&%T^AB\"Z;5ֽK#rI\Z\\^ʲ8l\r䚾B!h (A}wWSBb*%]:}F<}Wܨ.t\'{qkmN;WRڷp(JNz\ne>ҁ}Jɵ&淹\04q9Ki)s$KܯSN!k[flE5J\nTUJYJo!̥;s9{>SErC)?FOOܗԺ~ā׹RK)c\"Lq	*uc^մ@Kpn7FX\ZĹCI&0͒6(I\\Xy8jgxkom\rl5lu\'*^D*y)\0r^$r\0TMw\r>=)$e$5ڀA7\0W}i3̉Rҕ8-{x,5O1**#fjMHw;z^c2QpiW89hk}q)@=U\\N,{CHUTTY6b\n\nPl$\n\'%W>{M1uF`͈J1:sZ`>,P\rIdV\r	*\nK1U4n}yed0êeMΗ:QGe:pv	Q\0mĝT3v[D{UQc1ۀ)N-D*YmaBob9!_W6[KGpkBYqR5˴IR$0۱-A7ܦ-51O5;n}Njjz-$w66+_s;J4մ>B)7U~F5\"v_&A!\ruZ:KIp郃I\'	scWHW9j]\ZDZPta\0߯k^\r\'gJoUs#srFNG!B\"*\\)oQNxk\rհx2ؓE/9QK-%AIQ6N*HOS!^=V7. /\"-tauYB,$zL5JCBTm_ƴ8H9ܔ~C FH˃2*K\\i\rXcŭ6:ۍLvR~#\"ڶPś*W\"4PP#ǂJ^+և4<Wne@}	~q=/deЇ.N.tLU7ud. ՘7	N(15ݻs7G\rT ~I5c/8SO\"1%.ߐH\0ҰGln6J^OBYJ֕M/8[pR$!!1\nMQqD҃IMichyTjPJmKn&|0%fI\nT F\\Ú1\\!pjxhKi~pH:~j{SYWK-{AW\Z>-\0Ͷe4m#ֲ=YId*B\ZtH	M4aƋ\ZGe6%kfAq巪LYg0KΐrW6uf@?vd\rnqLluptO\0q	\roo;pV|3mSDPMW\0-ɅK=A0\ZNWSb<&i(6RX46X	&>caE9ltuNlANΊh=ipE~|C)22#j%,2BB*K%D%7mөhjEM3FZ;_ۘxUVjgbRpXm^Cvvǔ_xV51&,yUUaMqvچ~),{K_e4G06?T~ %-exY\Z@o1=9_\"\Z,DO<C9{6T\\bB`4Bz\0|q#Xk\"XGNnmCH|l}oYKfXY\\BԢtapF-v3i!{\ZC,aAE\0NumC]\">h$ysaw#⡁]\0vxEdWVqH\rA],^2&G/6+Ig~oQ#;K]9Tk\\W^e+@BqgK.Qݐpx_L;ލisq\\mM:e6؏uZB \08%|RJ4\n:)KiN\"?Ћtw\r0QY̔{ZXyz!.O[i*yX,!89<lUCU,QO-pf.JS6,IE}qK+4EJz%JHChؐZOM<ְF]F29W	KJ>[>+.\\G_bZFtY?#oN4\r.NKjƨ<9.f9-!udN+xtdz\r)vX)UeK4c(Bu/sw%JQ[a!\"&eTbҒVGHINB9H[SY\ZR\\mԟ_N^]3\\ќo!Y<qiX v`	h\\qܗk=p\rofFs~H@5!>D9=0Bթd \\;q/9Zܤ*+\Zcy	7-}|~h^]%yp$\0\0m|IOӖp\"e,<nn\rcӦFa7\Zm\nQ|-B |xe\0<kO,jNy˩U$,!\ZH偹Աⷐmij*{fYӇS}Xkن[-ŦQ+\rH[ߩ\0߰Ұ*-5Sv\0_JaS8#(K%΀:Ŭ$kI6|Α}vTvn2`ř\r6Vdk&!\naڡGW5MZV)#JX9\r>_T3s]7՘Rd4ܷؐ\0!gw`M3EQD[[(UKTdYJtU7U˶M$;.k\0WX$_/쳝M.(.LgU{);Z߇y,ez(Ѽ\Z-ét]CX1/4(j|K3gT$S/>ZP~%[ԫU\rl0TMkəvHTS=kIi\rEtpat0\\<ǚ)P\01uCdYXRNQdha\nA}~+,4O)62hH7N,cCmU[p/fCr-l.Ĺme*!\nJ?j8aJtj\\:j߷\nQ\"bJQt#84S\"7mBX@:b/:alkʋ/ Vt8bč-)c&08y\'.RGR(7:>e7W4oiɩӑ1w\0&pDoBhnP2ԀY\'}:R%HղkX!IU}-<fA{˪,zS6\rWje}Oiduka]7;c\\\'ĳ|yz\"pedYߨb6^\nUd*ktLٰWbH;,]eJ1\n76\\UμN]]BqY}v5\Z}5/=}.;~+3HbZk0KPx[G͐fgw %	ܕo`7d,<ξ}9DaXl̑Ifn	MZMDE@>re+\\[b6\\+=n`x/dk)%\rqEPdT+(I;_ŋES![b,M}C@}D͎F%q\ZQ2#$WZ%i	R4}%=N߶џFA,u9\nSa,[#qNG$*-qYz-=4KBO:܋\0.,;G7#.muyS{&ǻ8(8b2SOf7I%j$BP\rH=6o	ZuN@qD\n}/dZ/^ۗp׍W)<dr:I;rI8/|iy\0rR<=Ӻ*IrO\rH:b=5\\\0\r@u3S)\0rP,\0GZQ5@,cq$L쨾l*ś&ֽo1ة{)\0[,gdA-<?wJLr{EewAA%Sb,s7x[Tjh{cf٠r=ϓ$!\nwQWO/sݱM!W%\r[.=\\vEX\'l5\0\\PYQ){X[ǚʈ\r-k\r::\n38X|r7Hen!tڂXoq>xV0\rW29NmݸӖOn1LOxSҔ>8jK$߀\0p7\'f:PhßBvy+>iUӘ-JyVd.PlHRO*qzԎh\\6s>?`5\r\0`.;z<LՖa[x>ԝV%$qM,\Z<tQ8	qTlW8\\\rʖfe+圷Zs.o63[.JX\\cn\Z\'՝6oπZ=!i[mO_|pS.$;Rt*R4	7|9,iS9]o\0\r%?te3͂d6$T3L*A:Ә_(Y?C[zwR|ػ~ɤPGy!r\0Y-HE{\"PVOJY\njMk[\0?<}	dstW$R7MIY2-qA-HK3{CyJōJ(<GSrNNJi,$1ЬYk2%w-I\"\"[=/nQ w\'n\0RN/MK+$X*\'r+QdzS$5)>P6,_>hf4麋E}liT/=ai\n\ZT<&cled2S9 a	֛]ED\0M/\nWb}Lt(PX\n@A\'{ｅ1U1G^nFxG41̐[͜iqfZ	!ƔPR\\\n$j\'K[alkp:Fg\0O$lX(u?z4HC4_u9Q\ZKW6۹^ږ%n$s\nV$ULxS:AY m|J|R6GMh NI=J6H)+u\0rtۡ;&V@.\0+U<35@-\n)Kl4m\'ũċ-ps\'!+<?$_a!ɲĔ$ZA\'|1>E\\1t	|Q\\e+11in0Z\\Pqlv=4q42;_Aת~eɒY/CQ-MHJ\n.,\0T\rSs!75qS\"3.eё\r<^(֡pzt*S5pZLbvޟ?U%eJT4$\'IogtXlAYfk%8uZًc,&uKM/d|_/v}=E5[INGwlME+t[Ϫ\\{EdFr++WXDPBVlR=cIWN$ju΂lbMWަ\"kL%hi\r<Gdzyɥ{j]ԕi?4!c#. ,hb9^PN-KP#7?\ZnE2*ʳÒyJk(py#r]\0ۉRèt:q줝?,n26VY\rfj_!8˝8j 7Q^Ԁ@\n (w\0:Hio jlyyU΁w=<5P]=q).\"lit;u(&ڱm?Uy>@X[\'{J[o/.f3//8jU얔%JSU|?<|Eesu_\\+ᑺ;<O+g\n$GSQeiG׮>a_W5=Af[O^hE \\4\r|&l6u\r%gCm\\fR\rE@Jr\0i6)ҟ1Zb>NfI#\0\\D,r5wX\0u8pm^yg#iJuúIh<7uEIy\"tW_HwyAξܨlK(NW;>*77;%!\Z\\F墎(U4H{)T@Н\0oliiZA-s\0^Q\'J{By:>h*Ժh.5нb\nH;Tplp6mY0jV3ܞ_:oGlTiKe}5-%%{#WS`Nty41coJJ]%;ZpnC_1<:1i[pti^`RS4qKal7 kl^rꇳi]JS-(йNme\r?\no\r}3`p|\\*ygl@7:))_u˰%lѤ^\0ZɇlX͑tbd:@ˋLJ&3\Z\\Q\0\":-oԍxyQiK/[(QD<jJ\ZZukjch8pÊl+oiJSki\0o܀v\r%EM<x}k\'hkKKWҪjBnPJuk@w1VW7)sG6M@5t\'\rDMipY\"{;7>cs]K⒦ڇtnGD58?RvgA>gtr9mp~\\z,O,NE\nn X[Pfz,[Q[qZ.ZR7 㯟l3-`⎨YUG\\]tw	Aު8WSVFV2K:ldzU/.EDΧW-G?[*)t\rjaSvJU7p4Lo*1r1!N29EL1¿O}ƣ\nЎoVovd<|Ds)DgL(qD#HirG^_35ͬgv6Zo(zcZ$tO\'[m%=;V	_Sv/-#F_[mMp#EoU^^bUTTj,ǅȥ¶\rK\'5/&?h\0NXziBqm=qjU{)4:I~_4g<Y̙*VJ*N[U\r	ƕQW4?`BTDZy\n\"\Z̹A!f_IBI?:>sմ;א_B^\"\'\'?<)D%K&ʸKz2vb6ZJVof9 s%5-)j.i\ZF(noIo~\'2ZߢpnMm\rQm$7Q4	\0C{dN-\0ci y~A~UqqgZ؛c%dce\\Gvqq]z&lUp`;;\\/$XrI$k)GKfVCiֵXjXߧ[lȞn\n\rƫCt	r\"Q%!\r(Q77U>v0?xnCO]1kxm\'״4ukZ\r/ܛ7g=g 9_s\r\"LmE:p$mnv	׈2A̝yR޳RXoim0#\0\'}b#pS`7WsFz88mc|Q\\D6왍ml(l7i.\Z4B߇ 5VԞ-})~V	ZRS7ȋo߇#.-};kFfl\0q/3n%ZJII0Yha)E\\\Z.˚\0Sv{jflT=x,mz[c0Զs8JwQ15ŚfT12r<նo> m=qá1ŝvYJq$῏$	YWr\\8	#\\m߮-\n5Ki]t1H(7hN;ʈ徫Odf)CkH\ZYplAqp*cacc$^~d?Ǘlc[\"Icě۶9e/STt7Q]O-euTyˋ>C/wXbd|YI̒\r*RXA7Q$Xl>=_YGF>}VII`Glj-.g2\"$ŢU\"}TiDn{\0\\|~I!S A8p#Q8̀RG<qqϮ2;l8慨*9FS:=.ʚDRی\Z[}ɹ$I˔mv{^k`͞i	Ԍ=,F\nMY4j~j\\y:Cl&@z_>;<MsA$e_o}28ve7\nF*NTXmgds.|SP(ft[<\Z6ט]{\"h\0<\\\Z,JԠ+m`\0}/G344Doб;lV#<I`p#{m8,lq\'Of˨3B *y^k>^xsX\0o^օ22[m\0$ļhPt9)l )WSH$j_GM`d?5Yc$4BA\\/NݹTHY]ube.Cؔ\r.qkU1(~Nb4^AF!]J{btYl7|njP__ДP\"8ܘX6.(y\r\\o˳5u7zl;\nzvr`-aT7%ŹJ۠:@;C<3omY0˧TTj4MzѶ`	7#7n^.^͏yϹqzV]KqaxcL$xE];).p_5iȡTrkIo{vlzc]{9=98oXOY.]Ua!&}{oJC[`p˫WdIRv4<׊S4HDRM\0)VD,nS,Ԙp6\0\'lga	t˪qԣ\\OizS7,rb%wUbl==h͕R\Z{LRZ=wG&Ӯ5qE\rJHn⩸Y&9~@HqN;&Eɽy9H7EVIJr!Ou+CkIR{8@6P\0{ʧd..7$G:jNwSjݷRM;\n(\0]k~=eDO>-M8YDy	\ZB|}폒OHXu8j牥O;\'=6t\Z\\&ڶOp~~d$#i[1E&[\\AH	BnwJǩ$(@8jt\Zn~_\'\r?-Ɲ\09JlPcx_&mϫO|\rM715QQJ($&c>DpiVQ		mMW~G~&0#A\n}Hpg{]M:yccq<q!~e\rQ\naKz$>\Zq67[>&0Am[\\23+|Ksۨ)<C@q]m	a3_;GOt$u@Ԗt<ׇ-@ïc}<*gDoyEns]qؔ<jt-HOJ0q#;?Fa%uUʫ	J[*@4]\"p{[%VF_\\IfkeL[LՄ]ԨzӨQ{\n`Ua\ra]:[MTM~^K.ڥ\\)JZPPҭ`/<]Se1og\"`=*Ma%u\0Z]Jt6}|jwӜPPdPŹkJo0U<U3Ҽ:2G[*R5kλJXZ;ZޣņY/g^&UlmmKם0\\ܨSiY=6\Zl9g:\rUbN:I3\\)%KsqEKR]񨞧{~y4a j>L̦\\a\\N10AD\\=z*}*bKmcsgQBlcrE(yq7^¸fKSAbߖ&yJa. AutewIW+kKŻ<W#8`yyE\\`C^\\vn<?JO[^U2RvO]Qc^\\@1J&H*()sҢJ/Ak70	#wqaܗb\08܎jV5K6\nAUқ+`{	+i],wd6HsBNfw\\*+q+)u	8f1k)+c{;8TISնԥ(}ڊQ7qq*XdXkHPA4Kn[qu*&N[\"\"I8>épg^$4l,~JƴL6uے<K917Q}gZZa1l	;F\0}OETSNnq}:,@HR~G$4\Z b7<U}-D`V7(ۈRkCUN欠\ZrS\Zui)W1wJ;a$P:(y/ZCiI|[~w3C5%!i\'UaeQcc50?Q=M6JR\0}>WosK.K(R*pB%By@zR7>xd@̠~\'7D{IM/935C)e*p2M7MUUY]|7*k1ZH;vgt@BJėSHHvW{w1=Ph>s!z~5:Շ_}\\XyH\n)p\0\0dLc@D)2HĦV2i%\ZS$\0=ַU2x^([l\0HV0|Q\\j.	ENǊ[DTw\'8+lU8;`7IL\\GukG-D+c?1	c(>&Uqǹj(^LJ*&/;176AXNWmq}0@/<mm)~bҭ:.|wK\\NgVJ\nT\n@%cD\'Ǘu?\r2>]RRօtA$kt{*H.{C\r->HTHc-B_Ug{?䒯(ȨƈB$%*SMHA1\\e&i{@#Uijګ9\Z+Pm#Hk}n@Xb\0֒K>䴸g.cØ?&ÑOz̕ρ!JRꐡ;XAEN\"µkDڮ<\nrN_U{*JkpoB<d)\n;6H!:܋z/i}݈׆?T]\Zv)3cq=Aҝy_m=@ۦ6t,V+A\"o[rAg\'r,f)Uv[@NT-6߾b4p~1pq3«\ng<#F+fLGcz囤uzv\\!mkyzxIN#{l^{rA<\r\nj\0Iƅv#YW\\^\nԣE[Rh\\ܞk_=fS!\0RmC-i)^q-ZK]y/\'ZMwzϐH,)cT}1Kv9+NMEIʅ.:}.Gx-.~8m(%\"%|\n^W^w\'p>haЄoi\\d!}HMaAeiRg*Un+d}=>x>-}8!1H;Z/t,dJGG$(7p񌅭-y\Z&nW0k g/jS?\'p*C䎮(\'è0;YΜW$Q2(>D)39\"\"d)_ά܌X#Jn=K5J\\U-7%GqGRT5\np\nd!]KhB\0	ZiT\'i茡OȜaȌgv?|փGn=qA2B{|6L?lߧ8 ɦ;2S#C0[W,e~~x%Qk#̝8L?x\Zq<D9-\r\"NGvkI!1Ex!9\rĄ$+bAEqlĂ┇\Z&ăF$Mtqˮ(O+,\\1-nP+NܲO^	*XוkV͠Rqˮ˨#1.fSǿ1/ϣ*SJ7sXFtu\nLqPq*m˄|*OPnCcuSM0#\05VA,ؼt)OR^cEނֿ?C5U\ra.da<p6?*p_pQS-Ҷj5c.^	?sjj9vf0\n<b΍Kl0>&%2w4!R]*a|~p9O^}M>4sH\0DGF\'MAԚm5(n(؟Ssb4(Ëe_Wͬ0ceI1h%$5k[m;C<RBZ`xPyh3bp2ˁ!(J}-fq\0Ӿoe`i\ZV\'$fx	qM$LCi\nXJ\n\n~w=q(ܧyi57b\\fh2eSSK{#ކéh[\'V[$OUԤ3nkl\n	$-\0ӳS\\~@\\|(3V[\\S#:\na]F\0E,!@ɏG~\rbܧa6H_tD5fat\\\rYw/eFDN溣~chd\r\riY\0VVm@̕![)C	BB9Ov9\"DؤMFdl(X&\"\0D3	!bpή`eeNG}<X[	\n܃\\\\\"T[@:9qgR{n6\n`]0rv\\)m[=T^;CdsTY`Ӣ8u,EDI\'tEC\"$\0<\Z76\\LJNS:s$G\0,Rj\")ݣj%P؊\Zt\rギ%*%-@?AZVPj˨SIKIWލ$uj78\Z/qY߉y&M2P  ݗץ_ϱpdF#^,5%t,:ls\"2-i(X\ZJ{VAbo|npYnEvJĖqPNfG|gOFC\"\\P+}S,Qh~0hxGyO^2MhXTzN*\r-I$AW<Ks\0tp\0Y().l90LuR%+$,k6	q0v5G$1`;^[,3xGP\\U!ZqWI;t!+v\0\rDSt#1\'_-ROV\\ת+q21qe8Tt>cY9|90Y\njO6;$$LURMnD!(FSvY=	{\r9fZf%;XNStJJRouEs2Hre\'ȢpW2B<(伇_!n:(V	1FGv\n\rkAHqVYR\'U>cO8	%	O$\r7KE(x؎zwYBj렭8ukx#x)S)yp#,\"@BE?\Z<;hĔN%EMoǊw\'M۩Bd 6bFpƫ)K[A2nhyU	\"[ I(U\0m\rF[\\mଗ\"]bUzm^5:T\ZXTcC\\I%SbylJF_NIWP>(4Ɵ~OͿ3\rWUy \n/\r\0vlv\')tΰrnwJ.\'fNZet-Ă~9)бo=*o#dnFjM*2Pfl)]lA<%iq(9\Z;!~P+C{Â`*c|\0Q9?3K)QMÐn[*5E5EH) yxh,J=TedlWn!\\\rŊU$WeMC`^B/(\'b̀q<ىP,y3C*:SQ(8fhK\0!P*\n\nF:gp?zR˭ʔIЏ{ӧHǳ/Y~ow)e/MP;Kc^NSU?\n]_&=u/!(q·|.m$[\\dHⶀV\ndF_<A\nU\Z|[\00q+־ΛS	3:\Z5\'tۢZ8ȭ8r-(-6Uxd~l*Sᕷ꣎G;J\Zq)INo;ϘD(,<;bPf\"Zh<E%cVކ\ZYU%\08VFN^{ZZX_)D]\n)F4#i	mgǻMH>{,.qYei:T\Z:cb\r8\"GvNeHujcr#0e;-6քUe)%6׿|g	XC\Z6q1/tW}4\n\nw8]#\rlvyd&rjMǀ\0${)\r\rRLaQ@QSڝKlSwGn/qk6EvT:AZ!77!=;\015AB$&DfjaiLJX\Zyy\r?bWvQOX?fӕ{\r%W{yj^DL䀇eJyV	BJԣ\01c\Z.tq0cGM5ߐF!8o5,·tۑVgMl^Mϫ6	*춓ɾ$f;]sZ&{$@JdLͭ21Ÿٽ\n*pm[#%xhbK\ZfP~!Tu VU`6d܀$iC0oceߕ.^]p %,4\nt؀m#c١WK3%.B[S<sV<0&C~l_ihU_16R.c׺ltOoaG|q6*=ת8\rjA&ȞaWc{?U;PD:Kd*MRzԎ)^X/0L71>0eФp54F,uJq&~oT90Qɍ4.XnS$u8qw$EyDT]FKl\n~cm$Y}BlErM5u5Oa\\:(\r!7*.MMo>1D;DU:rR5:QQu!lFb1+\r9r*s$cDE-6kn,w\"etHY0.)eIyA\nM:y%7?gv0B~*#u;\0P<:,EOiʒM)Joiz*W\0>9;,кˌm/O-q1e?ffv82|dfuEW7%atc\r<VT]+)ە-	JJXI*2?G`	!FobNe(\roluyyz\n	%@|ɶ&Ɨ0qPsqSsDoiҨҩᣲ)۸\n	ik D	-(2[hq)Oa08\rY;=)sO]qF#	TP꼪ъU`6:[^*))+\0:z)ܾ!ԺRJ\\@Im>@Mm:]SQRʕ;{4\"6DX9NyU8)+BuGWԕcۯ5\\xc9=BlTa7.V	GmlpfD)Xr$1cў}n4ըBI`@Ũ)\Zto{c@M\0\\yu~c˒ӽ(c˫<A\\m.w<zc/Q\'\"uN\'qQ7uzc.-}V3KꓞHidti&;Dmq̼#D&6]mR͈\'DYLWVo2쐝{^_aVPq?iX\0<J*	E@0Ԟb~6Uk\0QЯ鰂ƐOo|j@vUk0^zVea|J-QeԷ]o~e.B@!O0v?4쯤N=RTӋGo#j2ZgrTRhP㭕2`@y>hb0\09s\Z|[>[UcS\ZC\0!i*\\Qng]&Bf*S}ն˦&)>muC89W+5E;,~(l!7u/s}\re !LG\\K\nΠl, nh2Yr̑5oنhh̦JU~)5q/d:\"\0aǥ6wZlvNֿ0,6t@ۯAuIacpS+{\rgHu\nVQa(ܙ2uhUquyg`wtC״ۏ48MƁ:@HJ\Z\nDa!#A<bA)ǹsKkT\nRlq0\0}ݛn̱cHsb|(@e){$ dR[vDeOwJD7\0qaӴԔy}+\0UTm,fN]&B.*dvY\\枀\\_oU)c&x_I\01ǘܣfDyȫiO9- ڭ4e{^͓S85TMN(4c/;]\Z[J66VoTt\\i]U<O  I H.<\\F%ͭk|}5	+lR/+9jlP\rigVa!A@ub921)EY+a\'Ȕr\nmvmRMG_%<SYy)EOKo9sb:,\'<;7nװ3pG6^ovAOB	INޛ\nzVf2H}cSr\Z6\\meTn:La17_EsrRyG:eLC[_)kcko}!xbүJmMץo8$\rO]͇lX7Yh^f/b6mq[9|VRAS\'&Bc2]z$UgH:u$b6\\R0.[lV[ΗZJOPгA՛@rY\\^~b}FCw%kRɿ_\r*f}1DAf;3R(GRlkqz\Z\nNM	A/\0g`mdW>AS)- VHO?h2Yp2镔8p\ZSJuKҞe\0A_-eN|Lbi::YdK!>+C?>hתt$mԢdwESp0Ws՜3E$-E5*#\\uX49PeJ56{bvP#uVP$-*$[kcXu %G3;gw>~tqЩG8헗PQǬcɣU.sR.+~XqJÊYi)IkS\\HwoPR6G3ep6 P)*Ҥ_d~d<sQC]T&H(̪@N%pwP,?5RZdu&Btݼ{-D}N\"R)~a}`Ix:+LyKˁ?ЌC)S˧-p@RA/;n1DIMT~9ҟ}1Q\rwrcXS$l|$kMk-c&ԚZaw*RA{\"{H7)e\Z&\0	m#!-?Hf]MkEAn$M9q6{3j~{=\"쳒W$Yݹ.~Q\Z~q:*{ A3rmz\\.;>\'LFMRJORO]S>\0s9tGhpmfg*=6Rb\\Vͷw>`L\0/+#t;QBm)\r66,Ѐw\n2rcBY?/1VG}Br*mjy	c\Z9d$ftsIN>Au%(DRmO[3nKyGHr\\jʟ2+ſK`72VD\\]&AˤN<m~[\0<9g\0LR6cqS=Ao}qs;:P(S3gz#,\n>H$5LcVۗYճIZf<<\\JTf\\@=n>B:3g<⑹MBcI@FOӿȬtE8nl3K|_W)ֵo`_)c/y`L85Yf,kr*^od%M_}>[۶6ӶZ+p4O\ny\\3Rit4j3XP\'T[1hB\ZGɹkNe;8zPʢQb\0q)Ѷ	4lr?gﳒ\\gZM~QWWASW$[\0uåf9%??R£.fTę$ԨQ8%*VHH\0#\n\rwiSg~Y~LkYHf[O%dMxN\06FU$Җ3BZE1%\r-$!%ŗ\r7\'hx@4]iz3)O\0꺀G$rj/\r`V$ 	q%\nҮU$U\\Yw|*EDbjcI\0\rpzhCeutt\\-IS/*R7Iߨ?7$Stɹ<69[_\07L&1Ɨ\rɸǞ(ܭ}KLF\n$[W\\\\IU,q\r<N\nCA0X\\KRGȐ~0Cps@AqzTi.¡ؓ;bx۴!v_yN/kb|n7ሲ$]VZ	(2)#Z\'W$!K.JG@FNJy9\r#LSʃeT%ҊGB7?!wnѹ\nE.\0~ejr\nХ#<Xfw;Ϫ,g0z<wz(,`aJ;6̢#Gn%lYa=,&R`c-z	aLNsZkad@9yE+2ۇZUXS,RQE78g.&SSQeqա!1|ƾpKVfCu\n(<n%\"mwjll(䕼Ju[A\0s}@:^HǗW^^8˪B<$K\\!\'JkEVr|%\"/؎oZ\rou\noOړmJG_tR*\\2w\nRbkQ\'lW3ًٍ؏R\r%@GZl1`MF6;]%OC,\"%qr6:ZpMB_>JӻUFvPʛJS@*<9Pn7<y&=RGR^ХM~xT{~AP9\\W.Nĕ$cp*T\r5y{?g\'TU6yW!bv𲡴ptDDꗻ-g\'*٭nBȴ伸]ZzF}iwa;qLcw|zN[O:7c/Zd#o<ڦ6[\0/ܔ<7RJY5T\ZLX)IǊBsnqWRN$\\K?RM舤1aIofmo?<gi\Z:λR\"mb>8.9|dUUyy	-nZpK#`6uĽ--- n@	ܕBuYU=n3`DrZ>J\0噎xRYl)ҼS2(esf24S#G%ZbG˾Y%7%&ցXek}yCxn685-6_,ҥ˛5å/@$_߰ǉAۙ窹|l7-x\ZEZDĐ)}VRD\\UEb\"vz֖Vg\Z^T%)h\0pprr&eUE4sFp:tϰڄx2W̄_նn$_7M3;i\rDjQ\"-o߮BӖJPӟ15)P@R-sQ\0\ZwS\ZhzBfS^)}Y$0eYvTTX8T~\n$ޠ*Ip(-MD8O\'n;c)bQ_wSzs9F=0JٖD	[)s{񃒪z>g=:m\Z\0\'6#iN\rmcsJu=Rvb5UldT.XupY2F$TRݔÉ>6ie[>s\0IF,ol5fyLa׸7w\Z9)0JMon`סa$f\'9@.\nήg`eA=qK̎+7%T6ؓy#ٞWRuzo}<^ټ)7\'Rڬ7Z?{\\V6S<9?n鱰H	8tLRMfj\ZCF*C˗*(X݉;Ђ1lq7b5ŮE=जZni@(-,4%kO{`6Ff#NIPXa. .t%~/5X^c#[n4C,UdyMq~)2j]J	UQ;8̄\Z\"њK8pPk;M\0Ϛ/q*\Z[M^!%?MwO`Ws\\unCd##iLK(e!T?mjKā[C]UЁ(c=2B,\r,Is>H}>ȶQe\nplF:٢uW_LE~[\Z^hӀGjb].\nqFs<<Aɹ1ئXS\0*1.6H~cС8\r\r\\6d\n7\'[䅧0[*v#V)95W^U)\Z[DpP}|>##xž$SJ<	0%IlXd\r6v?T^ug{\'KJMb^+yyv@T1=1Uc\"R]pZ]aSְ^q.(koǴ]=?:/|%j _rze|QUCJ֓vT%II};eU$Q_ݔY^~Q;LGk*	.a]3Y+}!\0w{UR*B]C(oRG,5%+]ЩˮLNI-,ѿtAawmTRV.Txƌ)%\rimCUհ@PDXn4\0Uc^>#pKEm@>0;\0<z,I܇zY80Eo\"#=3Rɲ^E _I\0X7o\Z\0+%\Z7Z(etԐ\0#]})3qK#\\vbH^;z#5HOiIqT%EFfY%q\Z)1%mx[\"4ĖY T2[G%	ZV:+f(3?P9:Q*K[UЛuQ_%;\\w\'(V.N[LudEJ*Ui+c!4n-_+6VwH.k䍚i\n\rbA$84#JA\"_2eq45ON0pc-ǆFKdǓ\Z{+\"H]ge\\UBw陒;Ħ%&E$.\\1?rRB/oQx^]$?;)˒/\\l{- n<et*wk.߬SXJT/plJNjo&[Ux3a8M%hԞ\\N*iFVmp:۾\r@\Zmu|LAy98I0iAOj\ZE]\Z:x RZ\ZlrǳS^%W7M\Z\ZF%fUȹUBHQ弃q7?RٙaL(Pfs,)r!!$lbEE)sζ!j74FX|ގܶj[Iy s_~NFZ6[M\"jya6XߠI\rK~]`,bB!%)PA-@ysN46\Z \094\'s_5*^\r)b@qi.[$KblFn6Y9Y_!>A0ѪfIJp9k|3bo`;_Q{i)cyhBDreصb,\Z{` [r.5Kԍ$-6K_]B!\0hәVļ&^.137\0x<ǯ\\Zʧ2Q Џ8-+/*B%(l(l=7Jm &pN<\0e$[Udz6q)RmS\"HĴqJOi?g%J~|G\\P%Ψ<LngYO럾vs<(ϲc2m?@˥ȚnUD?\Z|Α[MJrw/wAvsVs}P4LHLuej[`0\\DTuh{fw3$k\nO|k!@	`L)ik [bmN6ӋZD8nXt.HJU]%մaQZ\'{zOp$**P=X1\n0I	R9ەxkI=QCjH-D߱\r&AnWf*wjfK>x)+Wr4)+5p4VԤ$VV<Pn\0<^r\"		Z|a\"P \rNmuNhn	x3@˂j؊p#.$pǿO=ǕYY=k6EF#qa؏8XE8`~U~}B&\Z˂:p?p\0pdUGޛz!%gN+\0ۘiq%VY[ U\'1?yo64$f\Zc8$ٜe<VG|ceQC:CP;q`P خ|;c˗^.g/]LV!WWZҔiM}..zǬ/gAۛeIկa.ܮ\nt $IpVbہmXc{uS\ZQu`>>8UyơCT[|J7JʑIqQsYKT[ʻCSzmV!( A$d4VfCO1Nx섰I[3m\'l7O˯4:HO쏙ΘmW2d}ZZLūɴ}m5\0D.=jz\'\r}2=)^h;Lo}u+!gD2sW~8\08\'u+:SR)Qa-e-%)8ΐ$Jm.lbҲ&;/\0i)\'oA|\ZH:J%qN\\FIӮtH)tl~@H\\uUՙө,xYkQ0)c׺U%]XPE]~x*V=t%TG8\"~:\"i}HX\r▆hڕZu[*`ٛ\0rU!xFaqW@eEĆS|(/g1M4HioݐBiêyY]Pr5ϒT{0n\"?Q\0:RKYS=l\\>!WSTYu0ȹ`#yfQBOR+r@f,]JG$H~ɡ>d}+2OMgOxg9*$\n&+>T26;bN\\:˨\'!SOPޢ.m`L+WX%LWKi*\ZdiYXx7v$-9{!?.zohmd٦dV3tGXf4vN\rŶH\0S2HYk3ټ<;f6x|W=N7,TڇJ@Mq%9a,LNOE|kz#BtҲ\nVqrUII#[#ģ}<3x	3+RMX}Aq[ ŻQDϖJ$FxΙꙓ}Pt\0MO\"#\'#9΂iҞ*eT!$ԋC\'K5MZ\\es)3a-*\\3*:+nss>㭇cZ5#b\r){U%֥(:tR0id6?++-P$4HBPh!\Zi[ƺ!k$$5˙v3(m\r%.6ӝW=6bQ>B=V<G5R#ɩP4s5c9jCr;~IBGP?\\(4:s_`f_QB4n貔l;ci#-3C\Z2Z2з*HIQ7?_cԆBmA}0`cJYWO|\"ܫjxˏא,6\\oa+=X旙[QkynOZ&EWc#ů:ˤcȥW&>2h@6Mn{b`!*_=.qy:Yu)\\	t6(܉Mt!gTdC*Qj;a$59\01vb3tD͎(̍K>aK}j!!op;Y0>IV12\nZ#T+C1&Bґ}|		qÇThq\Zt\n\r#T6~Orq&2蘹^jtwQqěA,nE7\rFݝ*I40rYWqF0lpF1*SM-F,7+C*3\"Y)ϜŅP22zώS汧=y\Znj9e-P[I瓠Ұu$<O~	=NOPܤt\"Wqh,w8Ƨc!iޚM%l;i|s%\"G/Υi ~|\0+(.T	asUX3kIb5+|MA~mO03an)R7ce7h;)Iq!aSJM,\'>}-eƣUN~:$\nr\nJp:H7cˢhŝ.aw8jةAo  Ę4)8f:\rzٰ>L\r=TT8_/c%B5v¯sGlO;Xfjq)gc`R#ibڎ\Zm#@(R/ڊݢRa!wI\nJP?U4XK;(#P,<p?$gvf$ۊTג\0p>D~Bǵ9E[$Hi`x\\|(GvٻujnKwQWEp䰶cw?IH%[`5BeWq+N{c/ =	KBO[bb{V@5UU\n,WÎ@(|4;A(Fw=Gb(6GԜyI_$qs\0+-TsT;qaxR\rk\\e|yAr%4~sAЮTwlRp>QVwUrTQ oxa(yp!	I$Ge\Zf]\\.\n9e|f\0NN{S\0gXkN{>os\rPvA{;ʬɗG8|#!k+dkdgc3fQvN܏3^6=>UZ60a46vGNp3Ll^.(\"mkmuYE{t?nS\\FVA\\*Xݚ1\\֘r\r,p%_19v};-4ousPrύ:$}>+YP1Np:\\uD*<*R(*MA$0^4*Ҧ?ݑOQ[*1ƠONRu&%RG>\"Go	y 2ǽ\0{\\K[9(HsiIX>bs\ng@m7Tl&7ڹ94]L_)vJ, n{`d<:hxYJR[*MG[x]CI,̒tq1Q-r	JR	LafqԯƲQ55ԩU{!I7毑Β\n]n!J@7Sd|۩\\3]hU#[FqD!J;ycQA>&9[+3WCaI\0<O\0FZ=/%=ʕBbæ\\_H獌rSQ$\rg<flFO%%n)GJ~wf, h6B<KДvbƷ`izAfhhQcɊ[ߖ\0c)O~ǊowDfڼR3=gZ^}HÐ\07]Xڤn{-N(qa7P\rԄU۾\0SNP4@[(΋R]d%:X*خZNݷ~vSxL1֦ȲE1lk,<AλJ%\'dFvKDStsj)-L\"􆐿uVKbR.u\\[iIm\'m8kCAr-\";OYJC\\J:a7cRԷ$c-2-s:Qī;#gb\r1\"(cL>üH?.!-)ʞS)@>6Xyca&vx,Dy_7(\n1VHVP;َ!}o0=kR᥅&aJSd*_p7ZI049Л;^\'3TafFqV)\'\r\rوR@^ӆ]UZΙc(0=S&pSҤ/\ZĘ>52&q\0*d!\r\Zfb\n]v~c\0xn5Uv9Q5R(4~W#,]oswQvPZT\0+&˛JHJ<;~1+%VPʎ%I桍=KZep3PRVIILeY6xeYqiU͍tK)ְ7{oT	Gj?:Vjx`RUGPzu)&\"$HBukzqHqbrǗF°=@1]lGktRc,\\C.<2_ X\Z7g]p~lܐRӺ\'wKF6*|T4{~\nT1XBz-`w\n1!M#+_}zRyݳ%uY9]M63&K/I\\zo`1S#&єZ5bzRP$i\Zwu(F,W\'=\"K͏T/nbeyR\Z24!,PIaIC\0]6amk\Z^2\rRw/S#CϽW**ŌUwQHͫ5)TwU@C973[k}7j\'{4SF\0yGUUէb0F(~8:{4sB>-IV5Iհ(\\.dl;QF>ՙsuka.*ԫҹ`c@Qܩ ::DES\\mBNy쳝* ii(HM_ N\nPڪvqۍ*V-,$\\5f[l)6O#@%N!y9\r8Fж&Mh=OQFcs\r?dA,l۶/b6O\"Xu#U\0ڡ/d:;UTȘR|=.vf7i+73B.9n~N\\%<I\\ `و=r$I~hMf8By$cv?,|Zw`MKsjXt* Z!ĝRw\"Mqoih7Uu,2Rh%6*騁#3;P@+<:OE:<rԫ}GH+ⵘ^(`w?@|*Y0!B%(PNI;F1s%tN!U9Ra\nޖ0buՇ-9Np*XiW73=(!Œz\Zm?1:GmzA6D9\0J%|ƾY;Yʪ)Ni\'ϕH0\\*堋I:-<fYMA2\'\Z{39rOa,_I4S$.UDnJn~ۂ\n@cM(PcTX2je\rIJXn)ۯNK[OFZH0\";a˒+ᗳkbARw6#O@&+ɕ%}Xɭ|JfrN-)}fwtofeu̒5ḧjIn.%ԩ.Y>v\rFPed\Z[bוT늹k+%;fLRӍPWUj#lW6G7GBlJI\Z\'fV롷>\n#j.v`\"+nY(nk?|,?#;U՘4.ó|\\ђQ=-dښPF1,u)&l`+ihIZg`\n$<HJm~d0g%CZlu(\Zx	\rIm\r&7?Ţ6E޾ډofi\0n+dXlB_NԄ\'Ml{ciA@!QύhSˇV2kpeREN%DYiN-]`\'\rdus5}Xێipn<6Qpӊ.JTsm_{\0<Cu0	Raj>%	_@_Cu_B*>/=\"lw]oʍWm\0\\rt;/iӤx\\TbbnQeZjWaF5U|Q`S]l=6!my#Ru5ѰXEYv䛑ܮ̦<P6R;FR;qg[\ZK)$r$w>[]]p:JD;8~O\\fj/Mt(iP!_#+#,Lg`9w	AsV5*Funux6*\n؅&nuX,T4K/{]m\n4\rĨ[Rc\"USpV	pX\\aPbUokCUMiKql+#J%*`hWDa,\"9HaBJeOJ@*Sd<!aO_\ZbL22tҞ#9wDHr∙W	h\'u+o!#re/5)quPH2=ĝ54́ +MS_mY-_Z-ЋtƂDb!%<<gQVTf\Z^䨛Lfc-yMf,\\¼f*K*e=pXN6*r<>QͨNa\Z@|#S8\rjM܊\\6K<?fLhURsQ}☭-obFWZ19a:	)mI\0`SS#բЪY1uq67\Z؃}e`;Ti=1K,b1Cq^h8.Gvn1*36]d BR;9ݖஹZsr\0:-*HU{m[.CV;S^rH\0W+ZvYĚPbm\n\ZLTD4GpÚُPrRE֐Fcͬ?dKrq+;eq8>uUT3ZZG/̐o_6>9,\n{i[A?s!QSUFHgQBH\0[L9QA4rOl,G\n\'H@qduRd)x:뇍ESNCd\ZuI\\hEmXr\\UN`=:\\hYTUy$6ZVXSCsi\0v?;S%W:]2@\\zkԸTヲt~]qem)-|CνOmֶI\"{:Zg1ϟ$X[D:6*YP\r]kS-\r$z-ԴKz(e\\[u3r<0pkg\"~)K82o$>$.;\':{;cE)H\r88EEn%~\\S%M7\0c$؅pgb	/^hTJ#}{li>V#-}/t,7I\r8W}>\rqiI׺mtnu~9O\r#p\"Y*û<-q\"*:@l\0?/,|>6_eqnԄDmȬxCn¶33C<fj*#\\l9?ʹ1.PXlv?<vRzx5˷-ZKg}a\0ihw$~OsD#Ɇ|C0(IH渂ebJA`$6RIc@Rچh}ST<8[$H&uQ+,8t)]wbRefSYy}tPI6ko\\W\"|[N5,`mmb!LTT\n\r7CJh\08	i%Jgo1p#$v+LZŖ#ƤD[L/.]WYY?07%eqm\"ZDv40 l\rN4tgd5k\r1]/ t7`:BVI {[-^[(K`]`HH]_}$\'=AZz%\n}F:4$-\\A\'1m=OgR4ɮ#BҐJʑ}lO%&րʇy怾jyf6\\To&Ϫa3j@:/`S{w<R75,v^ʡoɏ0\Z#K8?\0^`zҼ[R|+eL{:2a~wOQDpW0#Ȟ̽,/\0#F	H>x\rٹ#/7>\ZT\'H&fh $lzc[]uMl^:bbqWOek)9jxy)PcV2lek5mO.qgh33Ee!Е^ NcA%C-%BTer\Z|TvzLu(+SJ7G80t݌cE1g]-q疋e%	i\'Q7N%46]\0/jb4fy1X4\0yNv7rL*JOv:\0NqM^8e6%e]RP}d,MOEoc\0mU3=8THϨZt0P;	\'bciPF;8Yq+3b\"&Wq!v[^!n`S|l-揸u샞NmOS)NO0 ldiPΖ69Zw#ug$UϔG\0uiٵ>InP	T\\WT\"LO pRIFwu/Lᕇ(詳Nkb^ReیnOatǛ`^IIv8PQZQJ~RÒ2}dǠc&xϠ;f߈O^4 ^Mg90.=HʞV;\\_~cNs&xSy2H(3I\"Hơ\\/t--S\'x#4@DB\\!^R\nW}TqGY}Q.sE><6HJ	O|8^#AՑ\"O>|ABLh\0r09n?\n K\')%U,I棥vlfp7QICh\Z2W[yz`l\Z^\Z=@GYoIIr]5cl6v	HgaU}xZȗRhGZ,V*cMa%jn~X|4W_5KrHSZHoդ\n1!wuLi-!^T9Od.y\06x\n%R43HT2lJlp+&qe\r$nOuzzC`ysW\0Y5SMtJ(ԧјkiTʂREG_咃bٺWս8(D\Z-RWCo}8\0pP2#%ڄI+pVvOɚ3P	~CN&Qn8kj@^~}|2ZJ-}T%)>]7Zf׺/vPN6R׽$}^Xܨzm,\0jMG,hx\'l3elEm\\Z|Ry\rJK}ϊ\'w	sdHu-iNo:c}>͉קs{^	G\\qF8\'F//<F\"L$P+JJ{=k8<	jg|Շm\0Sp<WrK]bN0JU)A[ě[E<cAmy&]MB/4é/EMtMITn>#iq=ೌVۙ)x=Ǭj=:TDW˲Tp?dϦceKn~{E$9єHVM2:\n.I<P)KۖRR<ϛj,\"Kj%N%\rV>3-qKIM\0dn49}wHyiN$tQKh t\0m~ sL*\'(Kx+l^z\ZOSZ}zEu=E]<8w^48s,l/b9r _0Mf	:R\r0+ݪE+t\ZT4[&WMha_Ns}*1J|\nRT\\M%l$$-;y5!E[@:\ZЍz<MrO\0NxVV7\n|\n\0?\0\\Iۨ$\0O6ұHH_J.4#S\0+aF-E\0O,4\0\'s=be\'4Y\07+¿>եG?/Bќ6\0/\0p\'{H䯎7,d_59=_QXتkďj|TH\0HxJ34?f \"?\07\0Ll?@b\0U\0t爿l\0D\"⾕D\0v?%Mė?_|-\0Y7uR=\0<\0\rQFD_S\0\'YFb?V 	?*&V?量\n}/ѿϖ[wA|O\0g?ݏ*?!_6d\0&\Z\Z_S.g)ŉʠ6K!j\0\ZZ/7g}>4%^vq\nocdcwZ}_?F2wC\0S\0ݫ`L;w\"Q^4Gd/Sp]Wب)T\0FWCuۀ=_q\0<W\0S2#h|.\\4\0LW\'}Uo\r\0\0Щ_7z?d\0V\0\0\0q{k_쵿\0~k\0`i\0|P,ߙ_\0qWֲ݋\'B\0\n3_kQJ\0?`3A?eY_0e_C3\0\Z?VhIFYOc]fUw{c/|\0}~O?g!f&j\0\0jN5z\0n\0$[qUO\n\0Ue3Ue#I_,_?Otů_\0JqZO|O|','parvati@gmail.com','VegandNonVegBoth','CashAndcard','9am','8pm','MondayTuesdayWednesdayThursdayFridaySaturday',13),(18,'Sangam Hotel','near sgm collage,hingane','02159-885544','\0JFIF\0\0\0\0\0\0\0\0	\Z\Z\Z(  %!1#&)+...383-7(-.+\n\n\n\r5& &+/2+5/+5-/---/----/------/--------/--------/------\0\0&\"\0\0\0\0\0\0\0\0\0\0\0\0\0\0\0\0\0G\0\0\0\0!1AQ\"aq2#BRbr3$CS4cs%E\0\Z\0\0\0\0\0\0\0\0\0\0\0\0\0\01\0\0\0\0\0\0\0!1A\"Qaq2#BR\0\0\0?\0crЫXTD=:\rɓMKJJ|UlVu\0ܒNFyV9c+K`٤P0b\'=hX[8{\n\'Rd LǙ%7HnxF\"9VH~p4ŐNX\n78\"yqt!IRC\"9F歹tDYW]Xu>UPНC9e!i\Zcʌװp]e]R=*u2:*S\nG:ք.NFѤ(:/spT. \'PHRĩbl;ү!B\r\0wLE%P~ꙏn\0C._&bx-$@P8!)6+8#Xo\ZR\nIm\Z}o,NHCR\0M${=RKDZ\0E)8\'4$T^\'ySښ\0M]NR++״+-ȼL֭9jMj)Z^m&lN%FmX\0jP\"djMN4Wۦ=ܧ-0{F4Oj\0QJjyvD0JӇ\"#Fw\rRí˸\ni!=^hZEWeag\ZnP5%o}^i&zRb;E\0Mh-6yt>S_qV%qI@yF텟NY3N\05\0vSrnҫܘ-*u\'?duky`I\0;KۃowHJZmc:UW87iuC22z* nl}нArV<xrtQAMtNb\nZM\nHAL*Z9cizmTS].Cv7q\rJ`Ǘoze\\qcIPRm	\Z}kUL7e6XvΙRƥr2zW+`%!5|@IvIyGc\ZP\nxA=fJu:\\A)%\nHD).kL.My\"Kk$/Bxj-75+V@j\'\n\"m|TY3$3>W7m詷(w61CsLK8t/L\r*<)gHQDdt[ŢT +YݑV2%| 0e	>YR\n5l!0e-IIJ|ɵ:!ps?<1D	DAfrM&s>%Q#k@c`?@Chiˮ8!\n)H> E,d\rb`gh>a8\\[)&c{]E(~ \\2MEFUq	v6䙡S OT];oV0ex#RY_c\rcN)O\rN$\r@$MfhIlYlƯp?bDqRf(VeqV5-q97Kհۂ|\02zyva$(\\i*ԹZ0\n(A$h?g\0$S6\\\0\nm_\Z6(yI`İܤF#l|	}`$62)\rO\n\ZHW2ٻͅ-vzjJPR	kco*KKԄ9\0zy_{JŰ!Ai0Ag\\\"OX~]/qAJEHZ&\0Ѝ- nH:҃YHOT⒇BU#_;1İD+!%Eh+Gz\ZaB\nq՞q6{S^[|B`]%rC?fD~vGiV_Y\nbZHJԐH;Kq	ZґU҅\0*iGH	u71\'k;~C]QE=\"O9\Z`\0u<*:2	t2^$(HRO2*|//	B\ZE\0a@X	SMǌgh5,Ů1Dz&̛ZC_N6Du_w4Ԥ!$wmV0}i?U=,->쨁V$Cٻ481|][/:Mh$3\0mqxBΐ61Ch}\"ڷOxddtgC5BwQG)2	jK=a\'fOURs,J\rذp\0dlV9!ɩ\'iCv(Α\nP>_1[7Ŋ<\'uƑ3cX@Y$}ANi\r8Ԑ:|6!0Lȴɛgb.r*QNpn)E:^ujF\nTZ<2h&l	>dũg]mGx8fRLO \"qW{izpφ>qzUV&JI_3C1<d^?JUϳ\0`_z\02D)$NLFM>րE^$I L_n{.5(cɠ=eJK$7*Z[LxGvǗ3VB^LJJ4ʗ1DAQH7ﱏk$%QR\'ӗ^SrٛtF!ՓUs9^c\'Nyli);G2\rc<SKf@I(SwwX4~XZ6RbX٨+`U[()\nvsEm^nQ`U;3U;W2\0*X̂\'\\k4dJUVS|l\0q+\0/O*YeXHD2QyPL\'ߢޗ:R3y[P2̕Hھz7I=GB~\'´N0t5#(](<;@vhW(%b?%p[\0m,{$ߗu\'4ͼ9qJT$)Qe)CLx|)K1W;&IKh$rq,P~)2:CǪL7qa-,:X1=HF80+T8\0mo%*ZdC_}zt(+`oA?:4to\'T	bP:<\0)4Ǖ`:!,%I?>Fnʂ2緭sG-.&ΨScm&uZj{yJkTMh87~r=ňTr5ཡ$tUD|nh3(c0POz94h-<y	I$d\0)c0%ET$roʑyI;6ghN$+a5ny@L>x6E	MRBBNo&w:NUB|mjnm˃YiiV(\ZQHmJίqj\0@PPnk<T~[ʜVgҳCN<2\\l󛬟Q?ڀbsūu\ZWwT~щt%EE	@:=O*cj|P7sVҨ*Ob[$_x8-\0@u,ܚbD͇NR[Hm~V$rMnͽ]R=O(,\0@M^i\03ҎuJqL8Pi)Q> (#uDK\ZBPPABk:*Q7ԣ$75vRV($T[|9M\Zb9p$6샇Aז.%R,\r1βTREA=PW\"\nO]WdZĴ!R%*B<.!}#vA(>Iwۭe)Q\ZO2=jJ`=恬SrhKEBT@\Z}mx1}dq㸴_,\nmf\n;TmI{>M6$N͙_f	OƳ߄A=~g<~>>CThE#L;RFu*b,Ex׍RA#O-;zZ 3L85\Z:T͔#s{E]X=&72<*miP0<iYHK{\re]Jf\0ޛ+6\'BH[js)ӭ»ăK}}JlA.EX1L7K\Z#;D4QpWR	\"U>S%\0)`%Ū^6Uъǲ[\n=b=hwu畊pJ:\'$1{/o3`,/jhZHOP=jdCMR9VK	/)8$Ƴ%G{tYנcQq\"715bPOܟATLؕ	EƓ|sm#OqٌD8k	t;YGJAW!~[8ˁ՝N#Vf%\'s{\\<C`JgRJ6&yһxZWiBP+?:S\07Vzz|b\'iW܃c};,4!tF ~M7i-pwAo*\nTā{ǭ0\Zdv>w3xZߵN6M묩p-&9V\r\ZI;o\\`(\rWG#h		Ov!=J1L^Hx(z|&lf(T\'_cB-<\ZXօ#j|If8ցXL(GIGJmߑYRTfl^RSkJu,bT*m:m2#֑8u::қv;iiiŸ).B>>R=}i!ǿxKi4lwT\\yAq5x#WuR\0R}D(uDqi6GaP\\&\r)a gx<ʯa0ow9s?jY6+ Α:zI&ZPIr m\"gmIȧ%r-A I&\0|SgXH>*~O:\'e4TPxm\"ֵM`Es7ou2˝uoTx$1<\\v,(\nObBM\'zU帄NԠ	fތeaxbaZHFiZv)7ntKh»dZy.U5OڠJD.~>^ZLU0B=/֘׉)Iԩ\n%A)T\r\Z)`%)V	\n$ƉceڹKH\"\nȀ\0i#`NѼ@w[;߅&?6ܶhA[ DD$Zm>h=R Բ\0<黈8o+fg@EP,f1raJPGb:VM;-\r俖$/#t*áx](y\'x;Ѥ`H%@^ϸ;[K`!-7w|=aoT@Z?3|R;נKqi*A1\'Qܓלwdl\n\\gRKEkIuzX{А(hDCl ޽.xУ\0H\n:%r@V_Tn2|	7%s?\rѾ[-mp@P+3[\\ p:;r5UۜmV)i:Id~0̈́mSgfN-\\*6O;s;W9q+mE* Ď1_XTSb:X/҂q ;^WL2+^GUd¹X7lG#\0Rtki	u?RǨ_fr e)&?uB`Wԅ$Acks4\0DǇ JpUf[O*SF8coc\0an{16/,⒭6@A\nTﵠ	\0\ZmWa\'a^4tN1ɲbSq&zG;GRv?FhJTj2!_.@c{&4HPhV;>c)\"Ri#uXߝJJBJgJ:\0|h&`uEJd@m\0[xuCu.CluVrlZlS`$L*RLa3q~{%:\"	$^Ѽ[|j53u4g5;HV7/Nozx>=pCf5?w}}\r*7Q&\"\Z(05$IGm$ocw<?_9Z~c«KqE:U\0\"ӽ!/p6\ZJ\nJ[_Ulȉk8xWLփ>%!ZUm+I?Sw%%\'!fx\\Ē:@q\n\Z#cnbz\\\02E[dG(fQ4G.Vp{Јyϖ篗JR\0m<@#j^LQ>q]dXj,*\"_6b/mys̡_³/wi:ᄤ~>\0\\r1H-Ժ-*>C{xVⱭq4%_BV/ҍd|\"%Z.{*2\0dci5\07N	D|*@y\0..άn-Rvou; r}XPËPRRJ55P\nL+t|(ĖîT iЊk#H>U,-\';5\'m֍?v0iN8R%,|G?\Zf <@jRRDǨޏ׍=6B=aǜRR1$7&[L$5pט&%>^+Hu%I6)?k㬈`%+KJ?Y61<f[PZqO1c|ԕ\"5%[Hw#M<u{XĎ\'T-4N^Ky()Ab!e>Qj\rALѼı31DI\0\r$G\0	 ay³55\0\r	b<<w6;4&Lx@6VFGb0yyEZK?h/ВHn`ZlN|DnH\0()IJ:Di\'󦢛h]TOÌf\rvohTYI6=Ȟ¬3ZI_봎_:p9nB´GV\Z8lC%h\0O:j]1|ߎŭP\nV\'eT$^8WFaƦu-jCxc#(hCTⰺ\"BuI!]1Yy.8_h@:CР*R! \0\n@V04Ɩ\\xZn75(%6B)+WUv1,Q$$E̲-Dj\0ҫ?)qIY0@5 +	p\'259 wC8^\\&g$ur#%R\0(y>3Sg2:U7+\Z6~de>ȃ\\Œ\n\0$x`&*$پM׼)ׂap\ZJS3BO*F6B&F%MlK;7!I忨up°)ß=!dWRT$^b1!|Asø6buBzg#TIC9\"X\ZT<7UlN̈́#m\\v&JÔD[%P4_-O(hxX5vB~!N2F+mr5G>=k?b_N(|kN+Ae:)nv=T\ZOjeiXx4m@uiBgx{Q٬z|\r\"pҪop|d&t\"\0k+uEE!N%tx&m=%Ct-6:lȔ\r\nTٿ)߼*%\0\0#Θӱ~_@-Fbe+)ߕ\ZbI`4??A>~|V$s>Ku:UB9^dE.V4\0$UR\0P(Ax:<i6hMB\\t6X&!_G\n{ImJŬ`z	V0KRI7xQҸmR^o[>E\0s%!B\ryyY-?ߟKcʍ۾3j@R	^3coУy6p\'m3&]rt8}F=N)DOE1مBZH\nԲ<IZ	ZMbAoo7@RbBD@@Hwڐr,Z*$N&t^.̛\nm	%0_`\0nG	IsGyW=$\0oAV1!ֵ(i\0\Zd97\\9sߞ[>ƶ]\r3}ʈɶcpf40TIRMN~yF	VʑM\\Nq\\T,??(QIC&v=EjNy\rEx#	cnQQ$\roa\r	\"SG5{Y 	BXH+HZȤmHU\nHWt(H\0Gj\\S1RA#u[J l$\rͮg,\Z/	V|AN:CL Ieaę\r?esƻ\0e	R4PdC덣\rxV-\nTޤ)$$\n;J9S,)JiCPAh!CHeouh)lbt:JӀ%Zt});%k_dUdU~\ZwnJp6 GWC񝩷MZR\rbwA,oC[g	$)\'e\\y#ֶ*\r\0uW\"p%G~[pmI\0Q\"xq}?I[}!yϤ]U0#L|\0D0NhaGd\Z5Kx2[6~4w\rK<gERI*iFw^=]8OEz_[քBG%rh:>H\0z\nu$.|콧gK?H%*TBS6f~`vxNۅp~3%RHJb:+e;rb!EA$T}LxvpԵ#Q\0@aΆqB!\n`J;HЂVjy4U~ђ8Un$(	N6nPӍpA?ЩO&9*qDP6\0l\0,.bj0PY	^Ŷ	RΣs-6L$kkR4TGyBD	\'<DԘ\\ؓ:D\\;Qptz5r t\0j^\'AT \rv[\0Lry[򭃅b$N%ꞕݫJVm9aA1$\\)\'-V֙ui\ng~7MYEQ) 	&}؏ж2tC\0\02Ұip@S\nH;ICh\nF}Vm	WU\" M7\'=-](\r%((!c\\O.ڜ?ƶ06\n`\Z 6QKcӼH1@5۷_)7aJwx\\,TӛQoGy\nG#XIGI?RO{iU4H7h\Zsɳ$vo\"1yԟy/{ II$XdƯ,AJd2Fi?4[gCg@(A&LG\'\0ΜIndD4#x^g}4`p6T2	i &	&I3Kx gq\\TuԨBTy0~u//m4,]mB1M@dХ#Lmv\"Lρ!L:gK6y(Hj[p& RT,A<\\@C[:PvY٬l1PtxޣG$c؃kD0٣BPg`$_!?U8rӊBlE\'ץ\04[_Z4ia#)KT+Oi;ǘ6<$\0wo)m|;68\0\\\0.-DW	Ж%3PwG!D|4F<~Jٿ^$#K *4%h6Y\0	]:>\Z*#Hޣ<Fbeԕ7=Д@nmI^!jtZH*p|\r[HC*Q\\Hq\\+[hcEnk,}e=\\.HmT,q\0ZA!e8{+wBi+uS}_ڹD#6Mr<#I@\"9+P$x慦EO~IJ\Z~~4۔>C#ZåKk!)BExs5ix~-$+\\^I\0T	\'ۃ187p)d|cU8s3pd$A$2y#Fީ42C}Yb{<>ò-GyzHI? uLՌ\Zqx܉W <9P/gp0/9g7hPZi`%Sk4%2S!)ҒeCrvp67\"[R^&S&$|u8|:Q!6Ԩ&aݤѝqq)m\ZDv.JΰT! \'j1AcYqҠG@TZCkC@+Y(8L{\0$V@&MIlG#15ֿ/K8%>w\n\0SHF,}YEpJ6m7\'ei\\+\n|/p|RdZw@!*T(3jڝ+t!vVx@yo?^\\u\0DxGtx:G$ŭW^3=|LQr!pDZϔEźD)`ޤdw!HۊP?dL!StjQڎ<=U$pJ0`c<ek 1l$8]Ħܵ<o-\Zo׏O>_JŲL]3_?[嬍J_܎}}bf8j\0\"ܗp>ԝGjy;v=1ȋzѷ0A\"Fy\ZTdvl0b^ E~Ve%	\nJ4)? ϕ5-I3\"7>U4	Rm@cPA TsȡYIQ*%CY>=I*Q~|ΤjPlᰙ\'Jl4gH@)]RV\'O{J̤ۛyM뼯(<-\Z@mITt=uԤ$,JVHUʨ6I1z\r$5fqIKÝFOMZ?PP-3`[:1o0N-(#(i5S8OàrҲ>H;JKNy(@3gǱ	gH\r\rz֨L		wҀT8IIsR.FO%\'to2I5Jqhy\\):ĨȒnoz/Ÿc\n[i{H6*jZ:}qELKI3%[mÝU2\0*`?gow@7?Sp`=<(j2ISLmxnu\09Mut};.5(Ok??]hvT$\0x{#d<w>d\Z?3ʲ2b\ZXDl\0\"XGՇq&d8u	55?v1BU9|y4l6?\n&Qu#1|NIqB(\0uU/qjB$)>Pg3;\\*71oB\Z8|JPHʬB?\nvc؁2](0cueY%W7if#JDMQ7\'(iⰫ֖֔;c6){$sYxC`ڗ\nj	*J\'7\n)Q\0q	KJ~ۃ@eT߲0ۻ[XhI?Yf|BB՚P63Dd`( \"cs!uZź4N#KuIҟ+LL0u.(K`6\r?e)4p~-]8-Of(wVv4 1q`>	#F}0܀	fU3O<UQ8ZXI\n\'1x1oT%`_JB:v@>4uͿuGӨ[Qę#ר]DII1qy<#`})\r\rF{A3>*A\nRR$nf>TxbP X&$ O3&>5smq&Mj)C*A?\\9\'?\Zxu%]c%4IeMq\0x&܄9dhqIwq 2\"Cm\Z*ʮ؏\Z1;\\\rW.W\ndDIN2\"Luh޼$ok\02>$U\"_j7TAEiK1󊵋Çs~\06ao#q\\n^iؐ3Yef~2+P!؈:!{ZJϭ,⁹ӷ8nO0IZ\nZe#ƽ_lk8]\Z\nӥ@NW(HGLx\ZHsC\0	5g&\r.)Fo_\nѽp,boϠ\'o4/qbM;\098=h6h=dXY($.fY/mByjvǅyeM\Z\nr<D1e}1) F{F] _*pu j;?)47/eOa?韾%;+ot|\0\Z\'I*O/QWy#W(rLf7	qW줶~~QE3Ck\nlJ:Xx<Ҵ	iن=\0ef%ZM}@ėS<ABǴ\'\'LOʋlZk- xY8\Z[AS;_\"Iz}>AkR\n	N$Ioq7\nQ\nBS	H\0\ZwĪM6@ yE܎d#,;-}$mr?oGDZn,9a`G\Z+.A|1\r6Ƅ[:u]N)s8{6y[BcϨ7l\'	,۩)$CNh\ZH=8Pc$ nqj%\nj=-\rѤxRZbeXdMJ{$1$_\0n6	ׁ_p:\'QBbx \Z{K$꼤΢D)[-q݁\Z`0XD\nTg3YX[+QF\0Z	-[!ZF	)KSdI4:̔)p).i[oxO|N.J*]WkD=-w\Zp`EV1oq- wܨpv=bsh:t-<=h m\'3ax;L獧y^cJ\\XN6׽HRy^]ᰛ.~BtڃqbXLZTgh3L5:xA\"V!TJQ\0%)\0֩}%);\'ur\'F	-{^MA*2I$M{胍IXo-jKUSsh>	>g#b\raii%6crw?\Zcw2\n\'Zk0xb;G6~Z>l |-}{%F~[Udq\r%68x\"@\0<S\'hl<D[b0F}|T~UD\nAr(W*FT/','sangam@gmail.com','veg','CashAndcard','9am','10pm','Monday',14),(19,'Alankar Hotel','near dimond bunglow,karve nagar ','02189-998845','\0JFIF\0\0\0\0\0\0\0\0	\Z\Z\Z( \Z\Z%!1\"%)+...383-7(-.+\n\n\n\r-% %--//0-/--0-------55-------------------------------\0\08\"\0\0\0\0\0\0\0\0\0\0\0\0\0\0\0\0?\0\0\0\0!1A\"Qaq2RB#br3CS\0\Z\0\0\0\0\0\0\0\0\0\0\0\0\01\0\0\0\0\0\0!1A\"Q2aqB3\0\0\0?\0\0*??i.=tL>QySt36fbDB~;A5sYQw|:iJO@$i7tÔŝ\04	aSh4?b]G\05{G\0%zS:% ߸V%KEs\0{vjQ\n{S\n+  (\ZRGSkHW$TڃF=\'\nYС\")-\'5	-\Ztrb2VsMxJi\ZMt>b\0]I-xl+qpV,|#I3T\Z4wR%F(ن\ZcDJ>hq(`H9hԨDQGQ@	91T@Lex\0jzF4Hԙ诬	LR\"%#P#	>\0[DJ?mW4}\0\0c,uf\r)S}\0\Z(N3\00I<W.h\0:7\0?SG1G@	=cndS9GSEqCGg}&J!)\nQ%~f.w6JRBs\'^]oB!駗Hz|ZFyFbJ\'h=`NOZm#}*ZRxA䣩[.72tZ\\f^.Zn*!C˥bj1@-9@jX\n\'(cɔ/J%m%HöhL*%nH	ԇ}4(I.ďg(C	FS:}ϴRJRLƿX51\'vKåA]״,(!(Xv<o\'ѡ;jVq0gQ>5霄ND<1(r41.U1o\'#pbP$`@ XW~3,;Ckd?f]4\neLޑٻK\0QYO<2oէ{?iur\r- ^%}G!JV@[\0-V[(%t|ů9%GQђ3r,J\0J[)\rGZN%!J.OO,\rKl\'!e6\"|GyZ?)2HϜG_\" j8Z]awd~zfGTV,%+P0:\\ ~pXO9-g=BāF9R=HX&ZN=\Zg;0dQ\0c	@F]_ލU&_x}cI;b_CnGk毽ƪj>>œKW(~(t/m:zm)g?7d!MFA=%6jC&ܣ	HAI%e8KΐQ.B<dS^v W.)H[cӴbdb:\Z\0C `y	g\nGSUR]}{\"e\\\0wrI.F36!SY.%=-:%RɗB(C͔+r喑)aJV*B\0S&ʐtۖfiiJ=@g\r|\nAvY&)F\nV`sgRIFlM?\'v9W\0%%ߤK:iAlk##/H\"1RJseS\0Z*d{<+R$)맘lA6iME\\^KYlewx(-RrB:\\{O\n\0L|@QRPV#QHQ )|,ixYշsJR\'$%cCo	XiokW:QZzwmbL+iXlDMOaL,f;\"w$*<\'@fXT0X\\S\05na6I2,*)5b̻rQ*Ie;FxVB\n-fjّO)Rz#zDaf\Zݖ)#g7;E)hU:qvY\0aO81L%qRp%2c.DNy:JT.}ГlJLSH)o\')[9䢝L9\ZbO洏V(U⧂tk6{&hWISmQ*a_ZJ$*ZPP,\Z|rЙK\'YPfI`]_8Rϖo)%S[6(G;n,>GS=<R\0i**bi)LLq21Rz5\nVvMP($P @rXs1\0d׉OM\'\"(<&\"l<\nJS	lO[Ei\n~+iKsI_%*RH_ ǕZ\'6UȆpA^µ\"`\n~1A(Ap@e.+roQd(XwUXox$\nP˴U(A,2zZe\"{U+ABPcu<Mn̠<*R8H>G?:CԪӈN 	\0`$2-3\nND1>n1]kq!ً6 ƞk^yÅ\r#G(,zl\'%\rAw\r*҇A\0O<zCηChc\\N[B*h^P@>\"ͧ>YDą$r1ʶs>Q+,v]c*U%,.+BF%YqڴkN\")$P.9f?.\"0PԾ`%aGxwB~#,FA\Z\0#m\nPKV~\"GV4w(% \\ʱ\nVoU2d\'R\0WsIIB%%-U\0|sծZPMU2nZ8{-2lӜD\r\07;&Lj8d{f\'EUdi#|^,4dށ)@rlťJNk4Aև0DBO)`\08_i\\Jw&kI&rS\0\ni3oA]0ґ\nKAoJ(JCfͣSͳ;OJ*3Qwbэڤ;fp!D7b-Y$K̻$a\nQGHAbbtSD\ZcժtW)EIL1\'Srw-8pzQK>]LFbl	~/\'%֣\r,la\Z$wHMN$)\n:?gL1.JAV3HrË#XgX],6LipRZ Ɏ~բZRPB@Qgյs\n&lD0 aMU(ν8H{\Z!Hj7-Xj6aVKXRd2͋(d-8fOO_Ų|ļjH?f&$R-SA		\n(`KqlNQ~nlRLX\\b(,\nZB$Pf%XfK~KKT%.\0IپQ\"iJZ&Dr\'`5\'q/~Gm.ڷ	bbXY-J鮙	[59JˈP]rN#[PfEJl^@EN#ѵY.[(X,ք$N͜s[}66شNHT\0e\"y	titfsehdCV7P/A\nin5̃gG\nL1nȏy\n(w\0!\"6rMN^OXw~Md(bĐiam2YdF~i4.nX	\'\'	h7Z a$@KpIVAȊ8[VGEvKug&!~iq_:\0âeGژ;]u3!:9.{]a\r\0݉R:glvc2}^Hf͙VdF]P&(L\ZCU#j^;YeÊb`}Ka<]KAyoJ,r9 ?\'#m՝rԴ%dN\Z3LN}\\Jl]_5\0{u(@\"JJS%0/ٔwFlTf\'\']p*	M⯝Ĺ`O*9RP3B)QRpIje钒n$=X$Z=&<=#ˑɢcfohpDB⥝~)37BqDo2i%u\0H@.\rG2-J,R]˟pm3Tv!-K}Q\nMjr_1q#Ǒ:$\"Azg LOqCeH)GS _.p9. `KE*Imd5\0bViza\0\\Ԃ=bu\0SENwJ$.l¦o&]ɫC\\s*<sUtұs1T-s&\rIrVD\ZG\riᔳLST­-!N1H!!\03]D\0?1ϓ\\`w%UU+LIJ):疽Y	`\r)@:%{ZT	jN\\#ve\ZQS! %,=J,&\n-L1\\!$S Ln<E5Hqbǵ6%(KDН\nJS\0H\0tAN\\j\'b}Zi2р0[jQ(~lXA 2$Tv	,QjQu# XygXSI!dj2/CzoXeIAy\r397\\˩D7)`\\`109B	%)zVsHrm)AFze;B\rF]Р\nfRN@H$|<=\nO@)w\rE|IJ*dMH\0P^׼OHUvkfQ$\n4d\r)_eGĤX=XJbUyN[Kk~\n\\Ĥٞ¿\r5sg-bv_8ar2b|O*fTq\"f)HA\\ā&P83;ڗ(s_Dd69j8g$KXP\\l\r@,z\\YHS9O!V\ZDsfޭ3ԇ%fEIH$?:V{h@\"BMiTȷL/\\KHYRL))f P[\"5w~@:ɽĬJ	)lE0,@2nX)D!wGjrgQ\nM50,bT+A@=pKhTIw\r\n	D\'!2\"LUVDlgm4V\\]\"ڋH99\rBrW3Z^D-t[5o	IfMfN6u\rr---O)roRB-.OMGFb_W%|K\\-NB8NF~y<\'PgΌ\0]WR&!e@Uahw\\\rorB&U`\"׳!2ZYCZHl@}`4@##_XMR!#R,U\\&2Q^\"QgOIRH$NA%@KJ]Aʕ`[}&ZTa :T:Z̚RRN	 4 QMFp\"퓉P\0	S96B*:=,\0Ƭ`35􊥮tK-.\\3jD3)s#3ӰfQ5D,\\,\rthS12{薰<\n*?9Ų.gj&,Vc TYtK.1J\Z#l`V(\n܄Nͩ+^=l7^W-\nRuW!(ybޛ3-jI\0U5	?tXKtj\"jX)%8JBY\0̇XW6tJL:	7f\ZJKZj8sj)4UyC[MK8=A>DDLcرC0n)ܱI\r1q\r`f$%rg=&%9\"DZ\nje$7\n*Z1Ih]ic.FHp\00,Lˌ$I l-%T8KUľ ҆ln^eI8j1NvdOSFF<1Bۦq$\r#z\"ZB\\狭bv_NG=vnӞc(ks\\H\0gP|֧icd4¥e6RDg?\"ŨY;bTB]ظJL㛖X	rqr\'D\"cW\0w~5##PJכ4O\n$2(I5`L+R~!mbD\ng+uKAJVPN+JMC#n%^g-Ā,\0@Vk5rvr!Rܳ%sbAcKB&PS-\0vbԠ,|`c\02ye	bC)115ҵ(\n\0fJiAʟ\00+j(CRs/$e\r}3Ğb$H6tC9V#*|Zg%ՙAj)g[:Jyu6;ό@>,Aӛ>TfNu˧+&.w\Z\0,)^jV,4Ps 	iR~0]܄a<L\\ʕviT.M<l&jN)JRFU/8]șIxW2c()`I4~M.Z]fbe2\0SF\0ݠSB/9L包JLMdD+rNY2?wlOӐ7vϘb8Ʒ]&Rv4%uRe$)faoU[RvBe+Z듓n?7)4Nd6IC?S.*5^ӍEzdif$V\"3zdGoy+iӉ\0]v04*$kK[f%C[9ZDkI}Y_\'b*eI4-q~9\Z*j$	@EIp0qs^*F2TO,	v*&0e)\r6jMZj	QFwg}amN\Z̵K3et	$-q>$-aU!\nĝY\n$dg\noIIFb3+cCǹ)B\"<6$@K#Ӊ(ʴN\\XS@ݞZ\Z.^)WGJB+,)D@I9Ţö	b!>lnOY	 ch\rY/\\6#9J[\nȟkx)Zqn冨={*:f̂Ż5(R]\0>Z}&f$\"+@sf\0&bDX,V^\0ԲB4eq	Q9,\0mbbHV$;bH\0q\0S-yg$MILj*h~zϴBJ\0,Є0cVCcKX:Yc`jDj!E8|GGYj!\Z$8k.K0~M\0d7t*o*$C`~j#رڤ\\	D题y|	B\"9 \'d=Z-1ZbTr)OņiL*b%! em`iPn3\n(+e\06/\raR\\S&o**k1C;%ögNڤVlJ!sO$7l\"\02/*Zr \n7R?u#PI= 5ΑT\\ab@pWZ:F \0N`v3V\r~0EceI*N@K(uP	\0]jsL\0`UgOQaF9J	f1@PSz3W@sDxAS8Y`zcs\Z=3eṁCh@\\7)~eؤ,-@dGLrn`bn!~-\\xJ9Fʼ4n	\ZpFe0[X>DzzB[ei8I=2w~2BG6,#&\Zx(\'\nl@-@s#TYZ\'=]⧳*0&c{QR\"Z\0VgMh#=fS\Z;^	)e@I)iVʼj6%1<#5\'7Vfy\Zjq8Dq;P[4\0򔙒U0EA#Be\\\"0QxRX=	\Zww혭\nFZ%G\"@bu5RJҩs3cCٴ>\ZiGN,FkCrabo	p\'vHPYƀ_vrPډIEY5H\nj:oRXJ=(_<ٽ\"NAr#/crCd`=\'عrl|OO\\G>&d;q$@\rf)BT%gJUX5\0@<:3o<K81VӔkb!areҠ]i\\Wx3\00\0Pj!I@rp1秼ȘPRs2v\ne%˹yyF}_#2Ұc\0r\ZHI}#;;FA`ĄQG6[RrrS0:1$ENXpQ\0ƓgQTPD=+i(RB~\'αeJ!	S-Aʁ4NxK%RAHAv9>ե\nXO(gtH\r72\ZoBKBB	zJEr0wzFE(T	9&toիU(H{%y-h\'¾#VﻴH=\rfp\rlS\'F]Mj`U)=c<Lu\0MLYT>$\ZA\"aTQ]Er5,Q:N\rBHջǞvKVh%d\'ZA\\@	J]\n}}!-I;8n.6Ӳf.Go%*4RI-b/Fl!9\"(9pS,+hO/6SBГS^XK * .Wv\\IR1CG0vΐ\nL	H:k(HRl@w|K,¬8[q0<ՏfoTJ)RNC&B7gL$pk$/ʥAnY`L-IbMZU!H\0xïMr\\RB/:oK\\5#3[J*Ef$(*fz\0iZ\'D&w8-B,he(%Aҥ4*!Lld6M\Zb;xZZF4Vv=R\n!u%zN\'>-Bn\'0\ZV9a2RrvrʔXR1XE~씻@*K&g6^ĸr4crǕiRK9Y{k$L؏	ܷ$P%DА\r.\Z(E,%8v^H)5\"\rWU1J(s(̸ͱg%AߠD-ܦLQK1g\Z@<Hu<JH5Ps\"&jsUbjQAǀp	;]JӜj}D{iFP)*\n7jy5D[9Q$Mδ3Fr(2ːYFXnQ}Lͬ#0wfK@)E)^6rܠF\\DsJYf,p;p\"\\JX\n\n@4	\r|Y\'\nD(2yOpҬC<0ZIrG6ˤdVxf=V% \0!/doif4I@|Qn\\`	T1,.ubz;ʉ|8_yqJT%Y}>1kfSL\'|7ب?\'20]\\Z>@\Z!ZvKi\Z]0dC@Cj3Zzeژ!N8#hlo\0RCwl;(/\09E K=%a`*G,|IeAHwR&xR`-D,Jtad^ilʖZR;˺zf#ths>jPKPHA[n! o})uO1ddvE_yiU\0YEYJRՉDLk&L&HÉDJ hm)0\0<aTzeOTMhj *NGR:fs]{	Q=	bt=)\Z*h$)RrR|BOn9FZX=*M)k-٤Yr@9h)&\09rI$ef&t) ]%CBCNOqٗb0젦LKP%-DSUsl1}ڽ\0&HtfA2Zs8!B*	WK%uV޵\"2]Jr\0\"kE-Uoőtwc\ngNQSji+hTywX)S\0SYŨ\"$6~heӱDeq\"Zm7	2G2qUT%@CvCeߠ\ZUWN!qwFڠܭ)LN\n094:ً5~ġ)LSŒD%\n O1\'`sKɅ5d(-Ӕ)QfAv)~ҋ%#i\r6=\0|\Z`V&R$\0	6Cdd3x4FaY5g\Z9xSd\\آX{imT-JBI2qd.:\\&22::L22tDdْ#!2\r2!1hTEA @\0X\n?|{霼ǷaimP_agddMghJ}t$i-G22RzF%#Fɥr50$ţ# >])yS\Z!#{0q\0.ёS3mF\Zq#*g222>tV;1q?','alakar@gmail.com','Nonveg','CashAndcard','9am','11pm','MondayTuesdayWednesdayThursdaySaturday',19),(20,' Sumadhu Veg  Restaurant','near  rajshree bunglow,karve nagar ','025566-217896','\0JFIF\0\0\0\0\0\0\0\0	\Z\Z \Z\Z( %\"1\"&)+./.383,7(-.+\n\n\n\r/& %.--------60//--5/-5-/--0-5/----/---------------/--\0\0\"\0\0\0\0\0\0\0\0\0\0\0\0\0\0\0\0C\0\0\0\0\0!1AQaq\"2BR#rb3C$Scs\0\Z\0\0\0\0\0\0\0\0\0\0\0\0\0\0.\0\0\0\0\0\0\0!1AQ\"ab2qB\0\0\0?\0whǍD6Dh	_ҥ담rK\nЮC\09~z\ZHV;^>)_N\r\'zmg\Z>әAx\0bR\0Νg~kI@/\Zr ~i@\n?(oSsKOh]o0Ʌ\0w4:.G}b=x\rG$}cj9\0X7յjC1E:rĹ]t]3=<s/iYj%	O@u@2RMjC~ZٌS=D\Z,N[3Wx+9$P@bTW3\nX0qWڕ5g5ˠ\'_C{Wo٢rM? X\":q]#_mPףGB%9;c\0\'`GCQ1om_/V-adTTL^Q^#	#S?odiM;=Mra\0\Z_O(y]\nx\n# F<j06Pω<1ׅ%DA\Z6HAƴ3fYZ5r{t\"9ԠwX]S*a\n\'/H`NO?7=>~Xpf-(L(v\ZW6af0QK\"RN\0Ho戒Ie|\01˲ɳ\ZlEL:,m($©~~@RbMIMR\n\nah,-ʎ?pݧab\0R$sr/igIOH(\\(FX7odIZf*NFC	҄^,3OV4X\\0TӄRJ?T{\r̛dZlzF%LѪuc2ap.G5^ɑ2Rb薲$@IwV-{*@v;vGJ/+&<aA\\\0~c\r?\\:>h2!17dpqXŝ28ZQ{)eMWPH쒱B-&AV1E,4\0\0uV8Ï#+r([}3&WF+R9жNxhN\\+JR$!J\'\r^\00̘ݎiR)FZ\Zef$Q\n`R$rY4/JgZ(v\0KgS3l>\0k\\N6BB`l)Hb˱5.X!%3PK%8[a:)L]Fbf2%eSwQQd\rVѩA߲23g$	 |G\"gTzE&)\'WG<Q?<@D_Lz-oU]*\nafS\Zɘ3ISSѠ}CR8\nӳ&)5P_{L#~Hk 	Ug㠎N\02Dx\rTkKZ䤟PnuZRؤ\rS=E\"3H1(8QSU)uʔbxbY~h_V(+8.0QZ^,%]P,3j˲7iJLg7QqnQ(|#Oڗ|a4ת <cqH8v(1Ɍx^TJXЩJQdE,&-LɁȕt2đ\\-n`U;:$I`/U\nc;_\rl˖f-L@alFd\"hJJ,3bRc#fT3RJSd4oc\npOiKOM5ҢT<IWVpcmKhHTR%jK\01b`!HBe(@C/MJ$|A,T8)y,M0-܉6T0[\rA|$JiZR13:w$	w1g=JZUB:\n!l^Xݗ-IQ$0\",Ko//:bg	.0%nݐ%2AKOu6yaA+R3\rS5 A$ՏfuůMqѧ|훖	Z`jD{mn==Y($e~PQ3fM,{k+AG*y	{Wz&o変r\0$;؞Ѣs^̍R01X%ITC\\%)֮)`\02^!-\Z\Zں9YTIZ K\nl?\nd)W`XL*I&	t3%u`0$`\n;uU9+Mn(Xi*!\0~\Z*Tf6,)*\nӃ*\nht\"%J2`ҨtjO|>ӢZβ`kxNKo,fnGU,\rICR\'\'1wH\\(+LԬiJUIjslXeʚj\\;fR!H\"T)ŇPF@R\Z0Qsgm2\r|hf)H\0D).	RCϖyDw\"X\08\n\rMs\".ba\"9Q,\0:\056e]9f<=UMXo׎ɲQ	y>j=~ڔX.cnB\0\"O?؟QO9DHq5ʛXoL `\09h *j1xgeZjfz5Tvib=̺ʿq(KJCIfVԄYЩK1pLąL)JF5-NXy%d=aqiX1b$EP\"ku$$.L3Ot ^~Qb9jv\0cX8I<\'mwc#E\\dX-+X[1۾qV1v+ϗj_ؿfg0\0Zcڣ{07s/ˋր	99G]3-v0+pXAFa:ue$͘T$)kHIQ\0.6A-\Z1I1bQSM+/IL\"jPIPjQhѥw&kHquQF2,:I~lLQYiҤKZx!J0b1($>N5Mu$&k	)20f)\'#R\\9rjmm60:@gq&\'4Բг8.B҂Z^ĥ{CodL7J$Et\"\Zg!$QÊLْ67S(vv_ML.cbF#z0j|hD*anJ:FsySuZ#V&\\.-YBpU+%kur_\"JSZr6$uFNRD^ϣHyNDn)M	QKIjҀ`v=V1$ʧ8a{OM<Ie\0Dh>(mS^؋.囷_s%KJF3$D$PPd\"c9@b]\0K\nxʘH\0Ohh}[9STQD\0BVs~jσrg,*\nR}n;JI ;bNcNG[8g8R(SI&f\"A	@8ɮa-k茡%psr!QJ}e\0HB\nҙBcT%\nQ\n\n\nLB/yPPgC9\0yE$%F&,X8f/c ڤ%\'\Z{Ǻ4:#++?}Ic%;~˭g*d%(`\nS#1vbdyYx-),\nƅQEDu(wL9T;\\p[ԅLZOXR}kxJMLS\Z_sFdE	\0DεZ&̩RSíLTiUJV IZ:hg!@Kl3\'i\'T(3ՅhX9\ZuTT;y֑DH䭓V$_,.Vjf0ˌٛfd~]{BX$fjnpS]-][}=\"1H$)H?@$k$z9?xbRyD)W5L<Idw]4~(KM$hÖmm\ndgy}R=Be҉vY?ntvMU~=vkQj= T$\0-Mn0FF\0s\'+<lDvW#1nMPp>AY:A*Jr7O6_sMGIT%=!b$L)(G6]FCxeٓ03a,	$%%DεַP-DRS\0o)$։R{\nSBI*H=\0K5Bt=WU\"R\'\\ w.H{ʖ d{Hby$xRv\\@)@XH9\'4L\"͘Ī(QLuqY2+plpBU0*Kl J74b3ex=,O\Z_=(2_}Nd\nKi2&^\nP%(s(jp>6IWZt\roX(d}ܒ_y$SL)MQO8nجɔQ\'zO|yMܐ2h÷=3̯Y=rɪX,4۠_Sى4)@TƇ{v\Z݌Zek\n\nw=I6w.z@\nĜjU9V[-U2BքʂZw4*[Weu%\nwT٫\\1)@%̗UA}H=dEh)9cU?@{4BTUX0WU9]bLzEb\0nÇmQ0XlϧmEjVRPR3V2aH\'qOwBZ-b`&$\n\0^{\Z4\n\n\"#~c2k,]1	`u8+AȃHԙ-+oʠ(\0&5H;,E&-b>Q㖫\'A>bTRb>n󇯳KOt\n?!F}Tk_x@r\0G \\k\"^vj68\"LLL_-tH6ҵf#\ZA)X\\SS*<#Mb*Y!)n	wtc\rWE64L\'\0>AwqK(,Es\'1cDA@`7\0I\ZIj{=w*\'U<Dm1PN\\>G+OG)/QfL\0\0D!<ϰoڪ;brl9%اR9#euKdg\ZfʂYuV|╂WT^F|\n~}2/^c3vXQFic\"@o!>~S1ڕK!_1WuV(Bⲕ\"g#b(lo(ْ}̻vZme˒G|8õcrC2Ƴ+;2fxӲSm\'fDxeЩ+(ZJT1=\\#@\0\0rՔ@8~NGvJrll#\rPi8¾$dz=_H;>ڳ\ZعZtXu8{Cv#1|>ͨjV<R^U͝<$RA\0D(@UvTi6t}|$-$GV\'o;Ss˝,-JJ(k\nӒB657\n̄dHրٍнUpr3M\\$ЄS(QTYsiJ.ZZl(g)thRR\Z@WG%J$jI-c͗9N->Qb쒢;6BŌKgZr:4wJS%5Z	)7\nL*V]as&\'\nSPhI\n%pv[- \"JH)|!T}0ܓ<+N%% 26Z71BճĤ\n|$f>ppY\'5p\Z(֭CkElWѯs.B@$\'{\'wFRL\\Rm.{uzgEY{]d:B4V7Pke[elaZ5\rvI{DFQ6UbzpRIVsIs,S\n\Z|D^S(}Dȥ31/\n	OFO^0NR\r5]|W?gْOi\Zb{K|TVTڜ5Q|c$^s(j\n@\rr/=,Aȥ6W}=s̺\rݖUI5:_#ʞA?~CXK>&%69fZInmFCw}KV%䨗NoD<\nZʔJZD4Vk\0yz\r23~_.Olvwxāϟn3!Ù<WÙGʶeQ_tCٍs&RBS\"τr~:k.JOU֣YG{\r5$\ramD	LAygSf\ZY\ZNXCi,B	 i`0@I@0YD\'	@~o,	 flo/ifȴVy^p(;L \0ٔ	JJM;Vn;ꬼ(3L\0j1Zf9DFcdJnb/(#Ä-Ā蠙7VBq5OWg;еUiFs2ӻxQ²\0 k{(L(mU)\0ٻnzIi\r{%~EQY(=̏!_)(ĒRuP.5v]Qvlh*\"L\0|I$˅R[M?K\n\n#-RRΠTw/&I(aߑNDVn{D2\\d2Pt\\`:`S:ED\">e0Ũvlor+l&b\nL8}!ڄʸ&q	dblg\r5ΰ|#MBR~fK)ҵU2vuvhiJ鮂Ӓ?F͜*\0 jkV\'(I@%}bI\n2ufJM	ǑZ\\D\nĭp5yoIaZ-5sUBAd`v{f\'ZRf?G%>=?!lS%F\0:R#{Gڋz-2eB)7\ZwiNR+ʺY$>ke8h>|bݧiUW¬*\0}s:\0֑r	 9RbQ|-pX	gۻ`MB)Jw\r\\,SN$-KHfH<<X	%\nL֋Ot,C7(iKN0\ngǞ|%jxmewgy)f+TB[tR۫7:W~WQ9>ƚ{[ZE\0H즑цi&33a4|pO@AGk/Ȑ\Z|WWS+&hnWL\\\n>E`k@eO,\0j̹A4M@ޣ8g\nٛ.\0<l#jŞz-:x.\"\0[DMD¬i* \0YC+)XMxE8D!tU\\=\Z+[UZrxઍK\nr\nT#Bb)vC5)._[\\|4QUI%&puo\rHdA	׿GkTĦlw,TqeMzpj&e̵\nʳn=\"|t1δ\'Zƴy( i?(H]2e=pp,j{[oJ\'\rUwVv9vQ0j;ꈘ%9\"%cY_XԜ̞12q$@!Rh)HςX4%NIˁf/!JT#G	Zn)xRI`Iw\'wG[|ewK%/_w,0\\\"bVd1e9mOlR7ņlZ!:I抳ĭ7l@QPr3&Sy2,hPH H-b˷pi.ԔҀbViXܹ)t,7Jjʛ$$rOeƩJJPJG@&%.ɖi5,4):e)\0܃\Z[yg]zlvTHUyG\'ehC(@*R@hGcG`ĺ</h\'Mٕ>j}MDَxM\'cPCʐBHSp	v~%s^y	iÑK37\ZFj+	]rm%oU*!D\n,\0+\0RBB$c̕a*SCNv?UY	P5mFe˘>N=7خIR\'*œ&bh0v|->\\/ \0I5{Ŵ^J[bHIzfڢeQ*Zp&76| %Ҿ1CpF	N}rMC~y//\rr,gB~9G{޽xDC\r(!׌tNq.}ksL}v8Ƽs 242\0|W?_VTW3+쫲V2MCQu2\\_vǟ/;Jg 8		Z4ZH$8:#nDT6Q-[I+\Z8FNb\\\0HY\nNzk	.prHd%<#mJ5MUb!N>`Y^=l$%dwkHp4$dܳI 0Jٰ|y&,$(*rLK{\'C	Y-y]т\'m=5tVR@S؃h/	r,$	\0(O1eyBui]n\Z?(ؖ`[xY9S\rz-yY!!sL˻e*}\0I|X[uϚ6#A\"/^=%2[fJ%%)X@t٥0\'=e+[@n6WsL DWō9U{,$W\rd[0.a\n&\njɇT\r,`ʢp\n:KC	dozk\"J5D*P1\n[	\\tp-oWt	KZ&,Pe-04nq.2bJeRj2´:ald~JnxQTr&QwXߎU!%\rIOHG)EIr[\\%vnU(dN#b)y	6*%AaOhSN)s{oy}$DbQ%D\\yA]ԑB<.pC4#X%Ve6bD8)pҔcczF).	L]\'.ȕAŞ@֊\'\'WtGQ+C9DDKR\nY<hJ?OpJ겕NHgf%7Vxgmb$!h$T\nqʷtɪ4k*Z\0YBjROEJУS?TF(;Xp%	Jao2mirjƍ\ni&fSLS8gߧQ9@\Z$޾CpΟFsș){<d\00(!9BGHU1WobqPk`v%\\Q\ZG6WM0*|I\'5v]BgYI$Osނba3r)8_0fM0yUoeV)i\ns]o,)hJF4v)5-Ċmq\n7Ť7&afv+9*)tZ0y q\"6^Hx81X\'rxc6b]uATT?O\rYRD㚀:rh-V~:%-yAeoۗɥ\'9u\04\\cO_J4ľ\0/)c[D/mLT#\nV1W$KNhQ󅟺Kɓ\0(=˶JV^t @PTCM;\\9eΛR@2Ǵ8Ĥ2gq͖&aL(WSBZnL*IA	!#qLYebR0T|%wB\rgk~P:&/Tɝ ¢J;$#b\\@**%\0Tws}`L0wB6`%zusj+^熀]3JЦ\0|KV%$GIQ ]MxDL.~5imŀ[t>#89{ݶRMȕ*ԍ1dy]\0s.9H>˺U8ewHJM}F3ׄBuw(f+;b1_\'X30PdK@5sK-`M3Vyl<\0e-B\r`Ud+4(p a	q7f̾<m\n7_׌:$u0B?AS	2L*̔V۾%>e7,G*}^`]pu7)@a@\0b8?(;)JzI{u6r$cߨ~.r1i)ˎ;\\}NU\n̍7!^PeLJ]c\0#Uch-ׯ/:r׮}<b<8T*3>Z\0߬hRF2\0	QO^V4o]S9\"*\ZR\'(*r0hb)ҐV:<	Bm#k]{ퟒtm\"ĝG>\0LMIQ&bޮĈc\0I|ۻ(6^NCʲE-%1Mk3&\rn<`i#M;v]_pCe+e+~_,cEsxHI\nB%I.\nȈ6vbNXNy{dyʐ{{Y>R\nW`*A ww.y	sG\'LM@rl\r]8t|3^DGz~\\S0ymŢ2?!5W&tl]؆DzbUiԔP\'&t\niVȾVMD:uX.$VK%JIՔdD2K{䌑*_%&%rΪERyRD \'mW4yxEәǯz\0aݵX!V2OXO\0\'mtAJTýX.R\"ī养=z\'?{_SG_\Z&d$\r\Z$W/\"XSozh/\0jrD%]um|?6~|[tc#3\r3?|Pw9 gNv+ò\06qRn\0\rwƱW.Ϧ	3G@_G c# F6-F@A_?8	q噌}&Zz#8+O1WwИ􌌀GV8\06ČTmG\"ͻ#  襨Q\"_^=cQ9~]3ꑑJ~s88d\0F<M;Odd\0bރFW@~q<xydd\0lT\0Go&٪ulv}|c#  Dn?ddd\0',' Sumadhu@gmail.com','veg','CashAndcard','9am','11pm','MondayTuesdayWednesdayThursdayFridaySaturday',21);

/*Table structure for table `addpackage` */

DROP TABLE IF EXISTS `addpackage`;

CREATE TABLE `addpackage` (
  `packid` int(150) NOT NULL AUTO_INCREMENT,
  `packagetotalday` varchar(250) DEFAULT NULL,
  `packageamount` int(250) DEFAULT NULL,
  PRIMARY KEY (`packid`)
) ENGINE=InnoDB DEFAULT CHARSET=latin1;

/*Data for the table `addpackage` */

/*Table structure for table `addtocart` */

DROP TABLE IF EXISTS `addtocart`;

CREATE TABLE `addtocart` (
  `id` int(150) NOT NULL AUTO_INCREMENT,
  `name` varchar(250) DEFAULT NULL,
  `prize` varchar(250) DEFAULT NULL,
  PRIMARY KEY (`id`)
) ENGINE=InnoDB DEFAULT CHARSET=latin1;

/*Data for the table `addtocart` */

/*Table structure for table `cardpayment` */

DROP TABLE IF EXISTS `cardpayment`;

CREATE TABLE `cardpayment` (
  `cardid` int(150) NOT NULL AUTO_INCREMENT,
  `atmno` int(150) DEFAULT NULL,
  `cvvno` int(150) DEFAULT NULL,
  `validity` date DEFAULT NULL,
  `bankname` varchar(250) DEFAULT NULL,
  PRIMARY KEY (`cardid`)
) ENGINE=InnoDB DEFAULT CHARSET=latin1;

/*Data for the table `cardpayment` */

/*Table structure for table `cod` */

DROP TABLE IF EXISTS `cod`;

CREATE TABLE `cod` (
  `codid` int(150) NOT NULL AUTO_INCREMENT,
  `address` varchar(250) DEFAULT NULL,
  `pincode` int(150) DEFAULT NULL,
  PRIMARY KEY (`codid`)
) ENGINE=InnoDB DEFAULT CHARSET=latin1;

/*Data for the table `cod` */

/*Table structure for table `feedback` */

DROP TABLE IF EXISTS `feedback`;

CREATE TABLE `feedback` (
  `fedid` int(150) NOT NULL AUTO_INCREMENT,
  `Name` varchar(250) DEFAULT NULL,
  `emailid` varchar(250) DEFAULT NULL,
  `message` varchar(250) DEFAULT NULL,
  PRIMARY KEY (`fedid`)
) ENGINE=InnoDB DEFAULT CHARSET=latin1;

/*Data for the table `feedback` */

/*Table structure for table `nvegbiryanees` */

DROP TABLE IF EXISTS `nvegbiryanees`;

CREATE TABLE `nvegbiryanees` (
  `biryaneesid` int(150) NOT NULL AUTO_INCREMENT,
  `biryaneemenutype` varchar(250) DEFAULT NULL,
  `biryaneeprize` int(150) DEFAULT NULL,
  PRIMARY KEY (`biryaneesid`)
) ENGINE=InnoDB AUTO_INCREMENT=25 DEFAULT CHARSET=latin1;

/*Data for the table `nvegbiryanees` */

insert  into `nvegbiryanees`(`biryaneesid`,`biryaneemenutype`,`biryaneeprize`) values (13,'Lajjat Paneer Tikka Biryani',180),(17,'Chicken Biryani',150),(18,'Mutton Biryani',180),(19,'Fish Dum Biryani',189),(20,'Fish Dum Biryani.',189),(21,' MUSLIM BIRYANI',182),(22,' PRAWN BIRYANI',166),(23,'AMBUR CHICKEN BIRYANI',193),(24,'bum murg biryanee',257);

/*Table structure for table `nvegchickenmaincourse` */

DROP TABLE IF EXISTS `nvegchickenmaincourse`;

CREATE TABLE `nvegchickenmaincourse` (
  `chickenmaincourseid` int(150) NOT NULL AUTO_INCREMENT,
  `chickenmenutype` varchar(250) DEFAULT NULL,
  `chickenprize` int(150) DEFAULT NULL,
  PRIMARY KEY (`chickenmaincourseid`)
) ENGINE=InnoDB AUTO_INCREMENT=27 DEFAULT CHARSET=latin1;

/*Data for the table `nvegchickenmaincourse` */

insert  into `nvegchickenmaincourse`(`chickenmaincourseid`,`chickenmenutype`,`chickenprize`) values (15,'Koyle da Kukkad Chef\'s Special',195),(19,'Murgh Nizami Handi',187),(20,'Butter Chicken (Boneless)',180),(21,'Murgh Rejallia',212),(22,'Tawa Murgh',187),(23,'Baked Orange Chicken.',196),(24,'Chicken Stir-Fry',165),(25,'Coconut Chicken',178),(26,'Southern Indian Chicken Curry',180);

/*Table structure for table `nvegeggmaincourse` */

DROP TABLE IF EXISTS `nvegeggmaincourse`;

CREATE TABLE `nvegeggmaincourse` (
  `eggmaincourseid` int(150) NOT NULL AUTO_INCREMENT,
  `eggmenutype` varchar(250) DEFAULT NULL,
  `eggprize` int(150) DEFAULT NULL,
  PRIMARY KEY (`eggmaincourseid`)
) ENGINE=InnoDB AUTO_INCREMENT=29 DEFAULT CHARSET=latin1;

/*Data for the table `nvegeggmaincourse` */

insert  into `nvegeggmaincourse`(`eggmaincourseid`,`eggmenutype`,`eggprize`) values (17,'egg curry',130),(21,'Jumbo Egg Chatpata Feast',180),(22,'Egg From Hell',120),(23,'Singaporean Egg Chilli-',100),(24,'Egg Chaat',100),(25,'egg burji',120),(26,'Fried egg',110),(27,'Omelette',70),(28,'Shirred eggs',89);

/*Table structure for table `nvegmenu` */

DROP TABLE IF EXISTS `nvegmenu`;

CREATE TABLE `nvegmenu` (
  `nvegid` int(150) NOT NULL AUTO_INCREMENT,
  `nvegstarterid` int(150) DEFAULT NULL,
  `eggmaincourseid` int(150) DEFAULT NULL,
  `chickenmaincourseid` int(150) DEFAULT NULL,
  `muttonmaincourseid` int(150) DEFAULT NULL,
  `biryaneesid` int(150) DEFAULT NULL,
  `hotelid` int(150) DEFAULT NULL,
  PRIMARY KEY (`nvegid`),
  KEY `nvegstarterid` (`nvegstarterid`),
  KEY `eggmaincourseid` (`eggmaincourseid`),
  KEY `chickenmaincourseid` (`chickenmaincourseid`),
  KEY `muttonmaincourseid` (`muttonmaincourseid`),
  KEY `biryaneesid` (`biryaneesid`),
  KEY `hotelid` (`hotelid`),
  CONSTRAINT `nvegmenu_ibfk_1` FOREIGN KEY (`nvegstarterid`) REFERENCES `nvegstarter` (`nvegstarterid`),
  CONSTRAINT `nvegmenu_ibfk_2` FOREIGN KEY (`eggmaincourseid`) REFERENCES `nvegeggmaincourse` (`eggmaincourseid`),
  CONSTRAINT `nvegmenu_ibfk_3` FOREIGN KEY (`chickenmaincourseid`) REFERENCES `nvegchickenmaincourse` (`chickenmaincourseid`),
  CONSTRAINT `nvegmenu_ibfk_4` FOREIGN KEY (`muttonmaincourseid`) REFERENCES `nvegmuttonmaincourse` (`muttonmaincourseid`),
  CONSTRAINT `nvegmenu_ibfk_5` FOREIGN KEY (`biryaneesid`) REFERENCES `nvegbiryanees` (`biryaneesid`),
  CONSTRAINT `nvegmenu_ibfk_6` FOREIGN KEY (`hotelid`) REFERENCES `addhotel` (`hotelid`)
) ENGINE=InnoDB AUTO_INCREMENT=17 DEFAULT CHARSET=latin1;

/*Data for the table `nvegmenu` */

insert  into `nvegmenu`(`nvegid`,`nvegstarterid`,`eggmaincourseid`,`chickenmaincourseid`,`muttonmaincourseid`,`biryaneesid`,`hotelid`) values (6,25,17,15,15,13,16),(8,29,21,19,19,17,16),(9,30,22,20,20,18,16),(11,31,23,21,21,19,19),(12,32,24,22,22,20,19),(13,33,25,23,23,21,19),(14,34,26,24,24,22,19),(15,35,27,25,25,23,19),(16,36,28,26,26,24,19);

/*Table structure for table `nvegmuttonmaincourse` */

DROP TABLE IF EXISTS `nvegmuttonmaincourse`;

CREATE TABLE `nvegmuttonmaincourse` (
  `muttonmaincourseid` int(150) NOT NULL AUTO_INCREMENT,
  `muttonmenutype` varchar(250) DEFAULT NULL,
  `muttonprize` int(150) DEFAULT NULL,
  PRIMARY KEY (`muttonmaincourseid`)
) ENGINE=InnoDB AUTO_INCREMENT=27 DEFAULT CHARSET=latin1;

/*Data for the table `nvegmuttonmaincourse` */

insert  into `nvegmuttonmaincourse`(`muttonmaincourseid`,`muttonmenutype`,`muttonprize`) values (15,'Mutton Handi',320),(19,'Laal Maas',54),(20,'Mutton Chulha',255),(21,'Mutton Sukka',197),(22,'Mutton Ragan Josh',255),(23,'Mutton Palak ',258),(24,'Dal Gosht (Bone)',200),(25,'Mutton Foodinn special (Bone)',250),(26,'Mutton Kadai',255);

/*Table structure for table `nvegricemenu` */

DROP TABLE IF EXISTS `nvegricemenu`;

CREATE TABLE `nvegricemenu` (
  `nvegricemenuid` int(150) NOT NULL AUTO_INCREMENT,
  `nvegmenutype` varchar(250) DEFAULT NULL,
  `prize` int(150) DEFAULT NULL,
  `nvegmenuid` int(150) DEFAULT NULL,
  PRIMARY KEY (`nvegricemenuid`)
) ENGINE=InnoDB DEFAULT CHARSET=latin1;

/*Data for the table `nvegricemenu` */

/*Table structure for table `nvegsoupmenu` */

DROP TABLE IF EXISTS `nvegsoupmenu`;

CREATE TABLE `nvegsoupmenu` (
  `nvegsoupmenuid` int(150) NOT NULL AUTO_INCREMENT,
  `nvegsouptype` varchar(250) DEFAULT NULL,
  `prize` int(150) DEFAULT NULL,
  `nvegmenuid` int(150) DEFAULT NULL,
  PRIMARY KEY (`nvegsoupmenuid`)
) ENGINE=InnoDB DEFAULT CHARSET=latin1;

/*Data for the table `nvegsoupmenu` */

/*Table structure for table `nvegstarter` */

DROP TABLE IF EXISTS `nvegstarter`;

CREATE TABLE `nvegstarter` (
  `nvegstarterid` int(150) NOT NULL AUTO_INCREMENT,
  `nvegstartermenutype` varchar(250) DEFAULT NULL,
  `nstaterprize` int(150) DEFAULT NULL,
  PRIMARY KEY (`nvegstarterid`)
) ENGINE=InnoDB AUTO_INCREMENT=37 DEFAULT CHARSET=latin1;

/*Data for the table `nvegstarter` */

insert  into `nvegstarter`(`nvegstarterid`,`nvegstartermenutype`,`nstaterprize`) values (25,'Tandoori Stuffed Aloo',120),(29,'Chicken Tangdi Kabab',150),(30,'Fish fried(Pomfret)',210),(31,'Grilled Chicken',56),(32,'Mix Grill',89),(33,'chicken tika kabab',82),(34,'RESHMI KEBAB',96),(35,'Chicken Satay. ',132),(36,'Bhuna Masala Chicken Wings',121);

/*Table structure for table `registration` */

DROP TABLE IF EXISTS `registration`;

CREATE TABLE `registration` (
  `regid` int(150) NOT NULL AUTO_INCREMENT,
  `roleid` int(250) DEFAULT NULL,
  `firstname` varchar(250) DEFAULT NULL,
  `lastname` varchar(250) DEFAULT NULL,
  `gender` varchar(250) DEFAULT NULL,
  `bdate` date DEFAULT NULL,
  `mobileno` varchar(250) DEFAULT NULL,
  `emailid` varchar(250) DEFAULT NULL,
  `password` varchar(250) DEFAULT NULL,
  `confirmpassword` varchar(250) DEFAULT NULL,
  `address` varchar(250) DEFAULT NULL,
  `areaname` varchar(250) DEFAULT NULL,
  `city` varchar(250) DEFAULT NULL,
  `pincode` varchar(250) DEFAULT NULL,
  PRIMARY KEY (`regid`),
  KEY `roleid` (`roleid`),
  CONSTRAINT `registration_ibfk_1` FOREIGN KEY (`roleid`) REFERENCES `role` (`roleid`)
) ENGINE=InnoDB AUTO_INCREMENT=34 DEFAULT CHARSET=latin1;

/*Data for the table `registration` */

insert  into `registration`(`regid`,`roleid`,`firstname`,`lastname`,`gender`,`bdate`,`mobileno`,`emailid`,`password`,`confirmpassword`,`address`,`areaname`,`city`,`pincode`) values (9,1,'anuradha','Yadav',NULL,'2017-01-04','9767441959','as@gmail.com','12','123','karad','ghjbkm','hgbgkn','2545'),(12,3,'admin','admin','Female','2015-01-23','9876543210','admin@gmail.com','admin1@','admin1@','pune','pune','pune','415120'),(13,2,'prajakta ','vetal','Female','1974-01-05','9876543210','praju@gmail.com','praju1@','praju1@','Near phrmacy collage','wakad','pune','411057'),(14,2,'pooja','kamate','Female','1996-01-26','7219254876','pooja@gmail.com','pooja1@','pooja1@','naryan complex,near SBI bank','hingane','pune','411053'),(19,2,'sanavi','jadhav','Female','1991-01-21','9964587521','sanavi@gmail.com','sanavi','sanavi','anant krupa builiding','shivaji nagar','pune','411057'),(21,2,'shivani','patil','Female','1988-01-22','9328764921','shivani@gmail.com','shivani','shivani','near lahor mall','hingane','pune','411053'),(32,1,'madhura','jadhav','Female','1993-01-13','9654785232','madhura@gmail.com','madhura','madhura','pune','wakad','pune','415420'),(33,1,'anuja','kambale','Female','2018-01-21','987543210','anuja@gmail.com','anuja','anuja','pune','shivaji nagar','pune','411053');

/*Table structure for table `role` */

DROP TABLE IF EXISTS `role`;

CREATE TABLE `role` (
  `roleid` int(150) NOT NULL AUTO_INCREMENT,
  `rolltype` varchar(250) DEFAULT NULL,
  PRIMARY KEY (`roleid`)
) ENGINE=InnoDB AUTO_INCREMENT=4 DEFAULT CHARSET=latin1;

/*Data for the table `role` */

insert  into `role`(`roleid`,`rolltype`) values (1,'user'),(2,'hotelowner'),(3,'admin');

/*Table structure for table `roti` */

DROP TABLE IF EXISTS `roti`;

CREATE TABLE `roti` (
  `rotiid` int(150) NOT NULL AUTO_INCREMENT,
  `roticategory` varchar(255) DEFAULT NULL,
  `rotiprize` int(150) DEFAULT NULL,
  PRIMARY KEY (`rotiid`)
) ENGINE=InnoDB AUTO_INCREMENT=63 DEFAULT CHARSET=latin1;

/*Data for the table `roti` */

insert  into `roti`(`rotiid`,`roticategory`,`rotiprize`) values (43,'plain roti',40),(44,'butter roti',45),(45,'roti ki tokri',150),(46,'Missi Roti',32),(47,'wrap roti',54),(50,'Missi Roti',41),(53,'.plain roti',35),(55,'butter-roti',41),(56,'Naan',40),(57,'Paneer Kulcha',87),(58,'Laccha Paratha',36),(59,'Makhani Roti',84),(60,'Shreemal',56),(61,'Khamiri Roti',51),(62,'Missi Roti',150);

/*Table structure for table `sweets` */

DROP TABLE IF EXISTS `sweets`;

CREATE TABLE `sweets` (
  `sweetid` int(150) NOT NULL AUTO_INCREMENT,
  `sweetmenutype` varchar(250) DEFAULT NULL,
  `sweetprize` int(150) DEFAULT NULL,
  PRIMARY KEY (`sweetid`)
) ENGINE=InnoDB AUTO_INCREMENT=57 DEFAULT CHARSET=latin1;

/*Data for the table `sweets` */

insert  into `sweets`(`sweetid`,`sweetmenutype`,`sweetprize`) values (38,'Gulab Jamun',40),(39,'Tiranga Halwa',45),(40,'Paneer Malpua',150),(41,'Dry Fruit Modak',32),(42,'Malai Ghever',54),(45,'Nachni Barfi',41),(48,'Mango Lassi',35),(50,'Malai Kulfi',41),(51,'Phirni',40),(52,'Beej Ki Barfi',87),(53,'Meethi Shewai',36),(54,'Ragi Malpua',84),(55,'Rasgulla',56),(56,'Kaju Roll',51);

/*Table structure for table `vegmenu` */

DROP TABLE IF EXISTS `vegmenu`;

CREATE TABLE `vegmenu` (
  `vegid` int(150) NOT NULL AUTO_INCREMENT,
  `vegstatermenuid` int(150) DEFAULT NULL,
  `vegriceid` int(150) DEFAULT NULL,
  `sabjimenuid` int(150) DEFAULT NULL,
  `rotiid` int(150) DEFAULT NULL,
  `sweetid` int(150) DEFAULT NULL,
  `hotelid` int(150) DEFAULT NULL,
  PRIMARY KEY (`vegid`),
  KEY `vegstatermenuid` (`vegstatermenuid`),
  KEY `sabjimenuid` (`sabjimenuid`),
  KEY `rotiid` (`rotiid`),
  KEY `sweetid` (`sweetid`),
  KEY `vegmenu_ibfk_2` (`vegriceid`),
  KEY `hotelid` (`hotelid`),
  CONSTRAINT `vegmenu_ibfk_1` FOREIGN KEY (`vegstatermenuid`) REFERENCES `vegstarter` (`vegstatermenuid`),
  CONSTRAINT `vegmenu_ibfk_2` FOREIGN KEY (`vegriceid`) REFERENCES `vegrice` (`vegriceid`),
  CONSTRAINT `vegmenu_ibfk_4` FOREIGN KEY (`sabjimenuid`) REFERENCES `vegsabji` (`sabjimenuid`),
  CONSTRAINT `vegmenu_ibfk_5` FOREIGN KEY (`rotiid`) REFERENCES `roti` (`rotiid`),
  CONSTRAINT `vegmenu_ibfk_7` FOREIGN KEY (`sweetid`) REFERENCES `sweets` (`sweetid`),
  CONSTRAINT `vegmenu_ibfk_8` FOREIGN KEY (`hotelid`) REFERENCES `addhotel` (`hotelid`)
) ENGINE=InnoDB AUTO_INCREMENT=36 DEFAULT CHARSET=latin1;

/*Data for the table `vegmenu` */

insert  into `vegmenu`(`vegid`,`vegstatermenuid`,`vegriceid`,`sabjimenuid`,`rotiid`,`sweetid`,`hotelid`) values (20,47,38,41,43,38,16),(21,48,39,42,44,39,16),(22,49,40,43,45,40,16),(23,50,41,44,46,41,16),(24,51,42,45,47,42,16),(27,54,45,48,50,45,18),(28,57,48,51,53,48,18),(29,59,50,53,55,50,18),(30,60,51,54,56,51,20),(31,61,52,55,57,52,20),(32,62,53,56,58,53,20),(33,63,54,57,59,54,20),(34,64,55,58,60,55,20),(35,65,56,59,61,56,20);

/*Table structure for table `vegrice` */

DROP TABLE IF EXISTS `vegrice`;

CREATE TABLE `vegrice` (
  `vegriceid` int(150) NOT NULL AUTO_INCREMENT,
  `vegmenutype` varchar(250) DEFAULT NULL,
  `riceprize` int(150) DEFAULT NULL,
  PRIMARY KEY (`vegriceid`)
) ENGINE=InnoDB AUTO_INCREMENT=57 DEFAULT CHARSET=latin1;

/*Data for the table `vegrice` */

insert  into `vegrice`(`vegriceid`,`vegmenutype`,`riceprize`) values (38,'Jeera Rice',150),(39,'Tawa Pulao',170),(40,'Lemon Rice',140),(41,'Dal Khichidi',210),(42,'Peas Pulao',210),(45,'.Lemon Rice',288),(48,'Fried Rice',120),(50,'Jeera Basamati',196),(51,'Lighter Fried Rice',128),(52,'Lemon-Rice',153),(53,'Mushroom Rice',189),(54,'Fried-Rice',120),(55,'Plain-Rice',50),(56,'Fried-Rice.',152);

/*Table structure for table `vegsabji` */

DROP TABLE IF EXISTS `vegsabji`;

CREATE TABLE `vegsabji` (
  `sabjimenuid` int(150) NOT NULL AUTO_INCREMENT,
  `sabjimenutype` varchar(255) DEFAULT NULL,
  `sabjiprize` int(150) DEFAULT NULL,
  PRIMARY KEY (`sabjimenuid`)
) ENGINE=InnoDB AUTO_INCREMENT=60 DEFAULT CHARSET=latin1;

/*Data for the table `vegsabji` */

insert  into `vegsabji`(`sabjimenuid`,`sabjimenutype`,`sabjiprize`) values (41,'Kadai Bhindi',184),(42,'Dal Tadaka',210),(43,'Veg Kolhapuri',174),(44,'Mushroom Tawa Lazawab',170),(45,'Paneer Rajwada',170),(48,'Green Peas Curry',156),(51,'Baby Corn & Mushroom Masala',176),(53,'Veg Nawabi Handi',150),(54,'Veg Kurma',152),(55,'Corn Palak',176),(56,'Baingan Bharta',152),(57,'Kadai Vegitable',159),(58,'Malai Kofta',154),(59,'khoya khaju',241);

/*Table structure for table `vegsoupmenu` */

DROP TABLE IF EXISTS `vegsoupmenu`;

CREATE TABLE `vegsoupmenu` (
  `vegsoupmenuid` int(150) NOT NULL AUTO_INCREMENT,
  `vegsoupmenutype` varchar(250) DEFAULT NULL,
  `prize` int(150) DEFAULT NULL,
  `vegmenuid` int(150) DEFAULT NULL,
  PRIMARY KEY (`vegsoupmenuid`)
) ENGINE=InnoDB DEFAULT CHARSET=latin1;

/*Data for the table `vegsoupmenu` */

/*Table structure for table `vegstarter` */

DROP TABLE IF EXISTS `vegstarter`;

CREATE TABLE `vegstarter` (
  `vegstatermenuid` int(150) NOT NULL AUTO_INCREMENT,
  `vegstatermenutype` varchar(250) DEFAULT NULL,
  `staterprize` int(150) DEFAULT NULL,
  PRIMARY KEY (`vegstatermenuid`)
) ENGINE=InnoDB AUTO_INCREMENT=66 DEFAULT CHARSET=latin1;

/*Data for the table `vegstarter` */

insert  into `vegstarter`(`vegstatermenuid`,`vegstatermenutype`,`staterprize`) values (47,'Paneer Tikka',86),(48,'Malai Tikka',90),(49,'Reshmi Tikka',92),(50,'Broccoli & potato croquettes',120),(51,'Cheese ball',120),(54,'Spring Roll',57),(57,'Hara Bhara Kabab',38),(59,'Idili Fry',54),(60,'Palak Chaat',25),(61,'Corn Chaat',96),(62,'Sweet Potato Sabaduna Vada',54),(63,'Palak Soup',56),(64,'Methi Muthia',56),(65,'onion pakoda',21);

/*!40101 SET SQL_MODE=@OLD_SQL_MODE */;
/*!40014 SET FOREIGN_KEY_CHECKS=@OLD_FOREIGN_KEY_CHECKS */;
/*!40014 SET UNIQUE_CHECKS=@OLD_UNIQUE_CHECKS */;
/*!40111 SET SQL_NOTES=@OLD_SQL_NOTES */;
